timestamp,station,station_id,station_online,charger_id,connector,power_kw,status_code,status,soc_percent,price_uah_kwh
2026-08-26 22:27:26,Ралівка,12095,True,119867,Chademo,80,1,FREE,,16
2026-08-26 22:27:26,Ралівка,12095,True,119868,CCS2,120,1,FREE,,16
2026-08-26 22:27:26,Ралівка,12095,True,119869,GBT DC,120,1,FREE,,16
2026-08-26 22:27:26,Ралівка,12095,True,119870,Type2,22,1,FREE,,13
2026-08-26 22:27:26,Турка,30663,True,129119,Chademo,40,1,FREE,,24.49
2026-08-26 22:27:26,Турка,30663,True,129120,CCS2,40,1,FREE,,24.49
2026-08-26 22:27:26,Турка,30663,True,129121,Type2,22,4,OTHER/OFFLINE,,20.99
2026-08-26 22:27:26,Турка,30663,True,129122,Type1,7,4,OTHER/OFFLINE,,20.99
2026-08-26 22:27:26,Дрогобич,12015,True,119565,Chademo,80,1,FREE,,18
2026-08-26 22:27:26,Дрогобич,12015,True,119566,CCS2,80,1,FREE,,19
2026-08-26 22:27:26,Дрогобич,12015,True,119567,GBT DC,80,1,FREE,,19
2026-08-26 22:27:26,Дрогобич,12015,True,119568,Type2,22,1,FREE,,17
2026-08-27 03:31:28,Ралівка,12095,True,119867,Chademo,80,1,FREE,,16
2026-08-27 03:31:28,Ралівка,12095,True,119868,CCS2,120,1,FREE,,16
2026-08-27 03:31:28,Ралівка,12095,True,119869,GBT DC,120,1,FREE,,16
2026-08-27 03:31:28,Ралівка,12095,True,119870,Type2,22,1,FREE,,13
2026-08-27 03:31:28,Турка,30663,True,129119,Chademo,40,1,FREE,,24.49
2026-08-27 03:31:28,Турка,30663,True,129120,CCS2,40,1,FREE,,24.49
2026-08-27 03:31:28,Турка,30663,True,129121,Type2,22,4,OTHER/OFFLINE,,20.99
2026-08-27 03:31:28,Турка,30663,True,129122,Type1,7,4,OTHER/OFFLINE,,20.99
2026-08-27 03:31:28,Дрогобич,12015,True,119565,Chademo,80,1,FREE,,18
2026-08-27 03:31:28,Дрогобич,12015,True,119566,CCS2,80,1,FREE,,19
2026-08-27 03:31:28,Дрогобич,12015,True,119567,GBT DC,80,1,FREE,,19
2026-08-27 03:31:28,Дрогобич,12015,True,119568,Type2,22,1,FREE,,17
2026-08-27 16:52:50,Ралівка,12095,True,119867,Chademo,80,1,FREE,,16
2026-08-27 16:52:50,Ралівка,12095,True,119868,CCS2,120,1,FREE,,16
2026-08-27 16:52:50,Ралівка,12095,True,119869,GBT DC,120,1,FREE,,16
2026-08-27 16:52:50,Ралівка,12095,True,119870,Type2,22,1,FREE,,13
2026-08-27 16:52:50,Турка,30663,True,129119,Chademo,40,1,FREE,,24.49
2026-08-27 16:52:50,Турка,30663,True,129120,CCS2,40,1,FREE,,24.49
2026-08-27 16:52:50,Турка,30663,True,129121,Type2,22,4,OTHER/OFFLINE,,20.99
2026-08-27 16:52:50,Турка,30663,True,129122,Type1,7,4,OTHER/OFFLINE,,20.99
2026-08-27 16:52:50,Дрогобич,12015,True,119565,Chademo,80,1,FREE,,18
2026-08-27 16:52:50,Дрогобич,12015,True,119566,CCS2,80,1,FREE,,19
2026-08-27 16:52:50,Дрогобич,12015,True,119567,GBT DC,80,1,FREE,,19
2026-08-27 16:52:50,Дрогобич,12015,True,119568,Type2,22,1,FREE,,17
2026-08-28 05:01:17,Ралівка,12095,True,119867,Chademo,80,1,FREE,,16
2026-08-28 05:01:17,Ралівка,12095,True,119868,CCS2,120,1,FREE,,16
2026-08-28 05:01:17,Ралівка,12095,True,119869,GBT DC,120,1,FREE,,16
2026-08-28 05:01:17,Ралівка,12095,True,119870,Type2,22,1,FREE,,13
2026-08-28 05:01:17,Турка,30663,True,129119,Chademo,40,1,FREE,,24.49
2026-08-28 05:01:17,Турка,30663,True,129120,CCS2,40,1,FREE,,24.49
2026-08-28 05:01:17,Турка,30663,True,129121,Type2,22,4,OTHER/OFFLINE,,20.99
2026-08-28 05:01:17,Турка,30663,True,129122,Type1,7,4,OTHER/OFFLINE,,20.99
2026-08-28 05:01:17,Дрогобич,12015,True,119565,Chademo,80,1,FREE,,18
2026-08-28 05:01:17,Дрогобич,12015,True,119566,CCS2,80,1,FREE,,19
2026-08-28 05:01:17,Дрогобич,12015,True,119567,GBT DC,80,1,FREE,,19
2026-08-28 05:01:17,Дрогобич,12015,True,119568,Type2,22,1,FREE,,17
2026-08-28 05:06:46,Ралівка,12095,True,119867,Chademo,80,1,FREE,,16
2026-08-28 05:06:46,Ралівка,12095,True,119868,CCS2,120,1,FREE,,16
2026-08-28 05:06:46,Ралівка,12095,True,119869,GBT DC,120,1,FREE,,16
2026-08-28 05:06:46,Ралівка,12095,True,119870,Type2,22,1,FREE,,13
2026-08-28 05:06:46,Турка,30663,True,129119,Chademo,40,1,FREE,,24.49
2026-08-28 05:06:46,Турка,30663,True,129120,CCS2,40,1,FREE,,24.49
2026-08-28 05:06:46,Турка,30663,True,129121,Type2,22,4,OTHER/OFFLINE,,20.99
2026-08-28 05:06:46,Турка,30663,True,129122,Type1,7,4,OTHER/OFFLINE,,20.99
2026-08-28 05:06:46,Дрогобич,12015,True,119565,Chademo,80,1,FREE,,18
2026-08-28 05:06:46,Дрогобич,12015,True,119566,CCS2,80,1,FREE,,19
2026-08-28 05:06:46,Дрогобич,12015,True,119567,GBT DC,80,1,FREE,,19
2026-08-28 05:06:46,Дрогобич,12015,True,119568,Type2,22,1,FREE,,17
2026-08-28 17:22:56,Ралівка,12095,True,119867,Chademo,80,1,FREE,,16
2026-08-28 17:22:56,Ралівка,12095,True,119868,CCS2,120,1,FREE,,16
2026-08-28 17:22:56,Ралівка,12095,True,119869,GBT DC,120,1,FREE,,16
2026-08-28 17:22:56,Ралівка,12095,True,119870,Type2,22,1,FREE,,13
2026-08-28 17:22:56,Турка,30663,True,129119,Chademo,40,1,FREE,,24.49
2026-08-28 17:22:56,Турка,30663,True,129120,CCS2,40,1,FREE,,24.49
2026-08-28 17:22:56,Турка,30663,True,129121,Type2,22,4,OTHER/OFFLINE,,20.99
2026-08-28 17:22:56,Турка,30663,True,129122,Type1,7,4,OTHER/OFFLINE,,20.99
2026-08-28 17:22:56,Дрогобич,12015,True,119565,Chademo,80,1,FREE,,18
2026-08-28 17:22:56,Дрогобич,12015,True,119566,CCS2,80,1,FREE,,19
2026-08-28 17:22:56,Дрогобич,12015,True,119567,GBT DC,80,1,FREE,,19
2026-08-28 17:22:56,Дрогобич,12015,True,119568,Type2,22,1,FREE,,17
2026-08-28 18:12:57,Ралівка,12095,True,119867,Chademo,80,1,FREE,,16
2026-08-28 18:12:57,Ралівка,12095,True,119868,CCS2,120,1,FREE,,16
2026-08-28 18:12:57,Ралівка,12095,True,119869,GBT DC,120,1,FREE,,16
2026-08-28 18:12:57,Ралівка,12095,True,119870,Type2,22,1,FREE,,13
2026-08-28 18:12:57,Турка,30663,True,129119,Chademo,40,1,FREE,,24.49
2026-08-28 18:12:57,Турка,30663,True,129120,CCS2,40,1,FREE,,24.49
2026-08-28 18:12:57,Турка,30663,True,129121,Type2,22,4,OTHER/OFFLINE,,20.99
2026-08-28 18:12:57,Турка,30663,True,129122,Type1,7,4,OTHER/OFFLINE,,20.99
2026-08-28 18:12:57,Дрогобич,12015,True,119565,Chademo,80,1,FREE,,18
2026-08-28 18:12:57,Дрогобич,12015,True,119566,CCS2,80,1,FREE,,19
2026-08-28 18:12:57,Дрогобич,12015,True,119567,GBT DC,80,1,FREE,,19
2026-08-28 18:12:57,Дрогобич,12015,True,119568,Type2,22,1,FREE,,17
2026-08-29 01:05:01,Ралівка,12095,True,119867,Chademo,80,1,FREE,,16
2026-08-29 01:05:01,Ралівка,12095,True,119868,CCS2,120,1,FREE,,16
2026-08-29 01:05:01,Ралівка,12095,True,119869,GBT DC,120,1,FREE,,16
2026-08-29 01:05:01,Ралівка,12095,True,119870,Type2,22,1,FREE,,13
2026-08-29 01:05:01,Турка,30663,True,129119,Chademo,40,1,FREE,,24.49
2026-08-29 01:05:01,Турка,30663,True,129120,CCS2,40,1,FREE,,24.49
2026-08-29 01:05:01,Турка,30663,True,129121,Type2,22,4,OTHER/OFFLINE,,20.99
2026-08-29 01:05:01,Турка,30663,True,129122,Type1,7,4,OTHER/OFFLINE,,20.99
2026-08-29 01:05:01,Дрогобич,12015,True,119565,Chademo,80,1,FREE,,18
2026-08-29 01:05:01,Дрогобич,12015,True,119566,CCS2,80,1,FREE,,19
2026-08-29 01:05:01,Дрогобич,12015,True,119567,GBT DC,80,1,FREE,,19
2026-08-29 01:05:01,Дрогобич,12015,True,119568,Type2,22,1,FREE,,17
2026-08-29 01:59:19,Ралівка,12095,True,119867,Chademo,80,1,FREE,,16
2026-08-29 01:59:19,Ралівка,12095,True,119868,CCS2,120,1,FREE,,16
2026-08-29 01:59:19,Ралівка,12095,True,119869,GBT DC,120,1,FREE,,16
2026-08-29 01:59:19,Ралівка,12095,True,119870,Type2,22,1,FREE,,13
2026-08-29 01:59:19,Турка,30663,True,129119,Chademo,40,1,FREE,,24.49
2026-08-29 01:59:19,Турка,30663,True,129120,CCS2,40,1,FREE,,24.49
2026-08-29 01:59:19,Турка,30663,True,129121,Type2,22,4,OTHER/OFFLINE,,20.99
2026-08-29 01:59:19,Турка,30663,True,129122,Type1,7,4,OTHER/OFFLINE,,20.99
2026-08-29 01:59:19,Дрогобич,12015,True,119565,Chademo,80,1,FREE,,18
2026-08-29 01:59:19,Дрогобич,12015,True,119566,CCS2,80,1,FREE,,19
2026-08-29 01:59:19,Дрогобич,12015,True,119567,GBT DC,80,1,FREE,,19
2026-08-29 01:59:19,Дрогобич,12015,True,119568,Type2,22,1,FREE,,17
2026-08-29 07:50:49,Ралівка,12095,True,119867,Chademo,80,1,FREE,,16
2026-08-29 07:50:49,Ралівка,12095,True,119868,CCS2,120,3,FINISHING,68,16
2026-08-29 07:50:49,Ралівка,12095,True,119869,GBT DC,120,1,FREE,,16
2026-08-29 07:50:49,Ралівка,12095,True,119870,Type2,22,1,FREE,,13
2026-08-29 07:50:49,Турка,30663,True,129119,Chademo,40,1,FREE,,24.49
2026-08-29 07:50:49,Турка,30663,True,129120,CCS2,40,1,FREE,,24.49
2026-08-29 07:50:49,Турка,30663,True,129121,Type2,22,4,OTHER/OFFLINE,,20.99
2026-08-29 07:50:49,Турка,30663,True,129122,Type1,7,4,OTHER/OFFLINE,,20.99
2026-08-29 07:50:49,Дрогобич,12015,True,119565,Chademo,80,1,FREE,,18
2026-08-29 07:50:49,Дрогобич,12015,True,119566,CCS2,80,1,FREE,,19
2026-08-29 07:50:49,Дрогобич,12015,True,119567,GBT DC,80,1,FREE,,19
2026-08-29 07:50:49,Дрогобич,12015,True,119568,Type2,22,1,FREE,,17
2026-08-29 08:39:12,Ралівка,12095,True,119867,Chademo,80,1,FREE,,16
2026-08-29 08:39:12,Ралівка,12095,True,119868,CCS2,120,3,FINISHING,,16
2026-08-29 08:39:12,Ралівка,12095,True,119869,GBT DC,120,1,FREE,,16
2026-08-29 08:39:12,Ралівка,12095,True,119870,Type2,22,1,FREE,,13
2026-08-29 08:39:12,Турка,30663,True,129119,Chademo,40,1,FREE,,24.49
2026-08-29 08:39:12,Турка,30663,True,129120,CCS2,40,1,FREE,,24.49
2026-08-29 08:39:12,Турка,30663,True,129121,Type2,22,4,OTHER/OFFLINE,,20.99
2026-08-29 08:39:12,Турка,30663,True,129122,Type1,7,4,OTHER/OFFLINE,,20.99
2026-08-29 08:39:12,Дрогобич,12015,True,119565,Chademo,80,1,FREE,,18
2026-08-29 08:39:12,Дрогобич,12015,True,119566,CCS2,80,1,FREE,,19
2026-08-29 08:39:12,Дрогобич,12015,True,119567,GBT DC,80,1,FREE,,19
2026-08-29 08:39:12,Дрогобич,12015,True,119568,Type2,22,1,FREE,,17
2026-08-29 13:30:39,Ралівка,12095,True,119867,Chademo,80,4,OTHER/OFFLINE,,16
2026-08-29 13:30:39,Ралівка,12095,True,119868,CCS2,120,1,FREE,,16
2026-08-29 13:30:39,Ралівка,12095,True,119869,GBT DC,120,1,FREE,,16
2026-08-29 13:30:39,Ралівка,12095,True,119870,Type2,22,1,FREE,,13
2026-08-29 13:30:39,Турка,30663,True,129119,Chademo,40,1,FREE,,24.49
2026-08-29 13:30:39,Турка,30663,True,129120,CCS2,40,1,FREE,,24.49
2026-08-29 13:30:39,Турка,30663,True,129121,Type2,22,4,OTHER/OFFLINE,,20.99
2026-08-29 13:30:39,Турка,30663,True,129122,Type1,7,4,OTHER/OFFLINE,,20.99
2026-08-29 13:30:39,Дрогобич,12015,True,119565,Chademo,80,1,FREE,,18
2026-08-29 13:30:39,Дрогобич,12015,True,119566,CCS2,80,1,FREE,,19
2026-08-29 13:30:39,Дрогобич,12015,True,119567,GBT DC,80,1,FREE,,19
2026-08-29 13:30:39,Дрогобич,12015,True,119568,Type2,22,1,FREE,,17
2026-08-29 14:10:00,Ралівка,12095,True,119867,Chademo,80,1,FREE,,16
2026-08-29 14:10:00,Ралівка,12095,True,119868,CCS2,120,3,FINISHING,65,16
2026-08-29 14:10:00,Ралівка,12095,True,119869,GBT DC,120,1,FREE,,16
2026-08-29 14:10:00,Ралівка,12095,True,119870,Type2,22,1,FREE,,13
2026-08-29 14:10:00,Турка,30663,True,129119,Chademo,40,1,FREE,,24.49
2026-08-29 14:10:00,Турка,30663,True,129120,CCS2,40,1,FREE,,24.49
2026-08-29 14:10:00,Турка,30663,True,129121,Type2,22,4,OTHER/OFFLINE,,20.99
2026-08-29 14:10:00,Турка,30663,True,129122,Type1,7,4,OTHER/OFFLINE,,20.99
2026-08-29 14:10:00,Дрогобич,12015,True,119565,Chademo,80,1,FREE,,18
2026-08-29 14:10:00,Дрогобич,12015,True,119566,CCS2,80,1,FREE,,19
2026-08-29 14:10:00,Дрогобич,12015,True,119567,GBT DC,80,1,FREE,,19
2026-08-29 14:10:00,Дрогобич,12015,True,119568,Type2,22,1,FREE,,17
2026-08-29 17:21:41,Ралівка,12095,True,119867,Chademo,80,1,FREE,,16
2026-08-29 17:21:41,Ралівка,12095,True,119868,CCS2,120,1,FREE,,16
2026-08-29 17:21:41,Ралівка,12095,True,119869,GBT DC,120,1,FREE,,16
2026-08-29 17:21:41,Ралівка,12095,True,119870,Type2,22,1,FREE,,13
2026-08-29 17:21:41,Турка,30663,True,129119,Chademo,40,1,FREE,,24.49
2026-08-29 17:21:41,Турка,30663,True,129120,CCS2,40,1,FREE,,24.49
2026-08-29 17:21:41,Турка,30663,True,129121,Type2,22,4,OTHER/OFFLINE,,20.99
2026-08-29 17:21:41,Турка,30663,True,129122,Type1,7,4,OTHER/OFFLINE,,20.99
2026-08-29 17:21:41,Дрогобич,12015,True,119565,Chademo,80,1,FREE,,18
2026-08-29 17:21:41,Дрогобич,12015,True,119566,CCS2,80,1,FREE,,19
2026-08-29 17:21:41,Дрогобич,12015,True,119567,GBT DC,80,1,FREE,,19
2026-08-29 17:21:41,Дрогобич,12015,True,119568,Type2,22,1,FREE,,17
2026-08-29 18:10:38,Ралівка,12095,True,119867,Chademo,80,1,FREE,,16
2026-08-29 18:10:38,Ралівка,12095,True,119868,CCS2,120,1,FREE,,16
2026-08-29 18:10:38,Ралівка,12095,True,119869,GBT DC,120,1,FREE,,16
2026-08-29 18:10:38,Ралівка,12095,True,119870,Type2,22,1,FREE,,13
2026-08-29 18:10:38,Турка,30663,True,129119,Chademo,40,1,FREE,,24.49
2026-08-29 18:10:38,Турка,30663,True,129120,CCS2,40,1,FREE,,24.49
2026-08-29 18:10:38,Турка,30663,True,129121,Type2,22,4,OTHER/OFFLINE,,20.99
2026-08-29 18:10:38,Турка,30663,True,129122,Type1,7,4,OTHER/OFFLINE,,20.99
2026-08-29 18:10:38,Дрогобич,12015,True,119565,Chademo,80,4,OTHER/OFFLINE,,18
2026-08-29 18:10:38,Дрогобич,12015,True,119566,CCS2,80,3,FINISHING,22,19
2026-08-29 18:10:38,Дрогобич,12015,True,119567,GBT DC,80,4,OTHER/OFFLINE,,19
2026-08-29 18:10:38,Дрогобич,12015,True,119568,Type2,22,1,FREE,,17
2026-08-29 19:52:13,Ралівка,12095,True,119867,Chademo,80,1,FREE,,16
2026-08-29 19:52:13,Ралівка,12095,True,119868,CCS2,120,1,FREE,,16
2026-08-29 19:52:13,Ралівка,12095,True,119869,GBT DC,120,1,FREE,,16
2026-08-29 19:52:13,Ралівка,12095,True,119870,Type2,22,1,FREE,,13
2026-08-29 19:52:13,Турка,30663,True,129119,Chademo,40,1,FREE,,24.49
2026-08-29 19:52:13,Турка,30663,True,129120,CCS2,40,1,FREE,,24.49
2026-08-29 19:52:13,Турка,30663,True,129121,Type2,22,4,OTHER/OFFLINE,,20.99
2026-08-29 19:52:13,Турка,30663,True,129122,Type1,7,4,OTHER/OFFLINE,,20.99
2026-08-29 19:52:13,Дрогобич,12015,True,119565,Chademo,80,4,OTHER/OFFLINE,,18
2026-08-29 19:52:13,Дрогобич,12015,True,119566,CCS2,80,3,FINISHING,29,19
2026-08-29 19:52:13,Дрогобич,12015,True,119567,GBT DC,80,4,OTHER/OFFLINE,,19
2026-08-29 19:52:13,Дрогобич,12015,True,119568,Type2,22,1,FREE,,17
2026-08-29 21:30:10,Ралівка,12095,True,119867,Chademo,80,1,FREE,,16
2026-08-29 21:30:10,Ралівка,12095,True,119868,CCS2,120,1,FREE,,16
2026-08-29 21:30:10,Ралівка,12095,True,119869,GBT DC,120,1,FREE,,16
2026-08-29 21:30:10,Ралівка,12095,True,119870,Type2,22,1,FREE,,13
2026-08-29 21:30:10,Турка,30663,False,129119,Chademo,40,4,OTHER/OFFLINE,,24.49
2026-08-29 21:30:10,Турка,30663,False,129120,CCS2,40,4,OTHER/OFFLINE,,24.49
2026-08-29 21:30:10,Турка,30663,False,129121,Type2,22,4,OTHER/OFFLINE,,20.99
2026-08-29 21:30:10,Турка,30663,False,129122,Type1,7,4,OTHER/OFFLINE,,20.99
2026-08-29 21:30:10,Дрогобич,12015,True,119565,Chademo,80,1,FREE,,18
2026-08-29 21:30:10,Дрогобич,12015,True,119566,CCS2,80,1,FREE,,19
2026-08-29 21:30:10,Дрогобич,12015,True,119567,GBT DC,80,1,FREE,,19
2026-08-29 21:30:10,Дрогобич,12015,True,119568,Type2,22,1,FREE,,17
2026-08-29 22:17:29,Ралівка,12095,True,119867,Chademo,80,1,FREE,,16
2026-08-29 22:17:29,Ралівка,12095,True,119868,CCS2,120,1,FREE,,16
2026-08-29 22:17:29,Ралівка,12095,True,119869,GBT DC,120,1,FREE,,16
2026-08-29 22:17:29,Ралівка,12095,True,119870,Type2,22,1,FREE,,13
2026-08-29 22:17:29,Турка,30663,True,129119,Chademo,40,1,FREE,,24.49
2026-08-29 22:17:29,Турка,30663,True,129120,CCS2,40,1,FREE,,24.49
2026-08-29 22:17:29,Турка,30663,True,129121,Type2,22,4,OTHER/OFFLINE,,20.99
2026-08-29 22:17:29,Турка,30663,True,129122,Type1,7,4,OTHER/OFFLINE,,20.99
2026-08-29 22:17:29,Дрогобич,12015,True,119565,Chademo,80,1,FREE,,18
2026-08-29 22:17:29,Дрогобич,12015,True,119566,CCS2,80,1,FREE,,19
2026-08-29 22:17:29,Дрогобич,12015,True,119567,GBT DC,80,1,FREE,,19
2026-08-29 22:17:29,Дрогобич,12015,True,119568,Type2,22,1,FREE,,17
2026-08-29 23:53:30,Ралівка,12095,True,119867,Chademo,80,1,FREE,,16
2026-08-29 23:53:30,Ралівка,12095,True,119868,CCS2,120,1,FREE,,16
2026-08-29 23:53:30,Ралівка,12095,True,119869,GBT DC,120,1,FREE,,16
2026-08-29 23:53:30,Ралівка,12095,True,119870,Type2,22,1,FREE,,13
2026-08-29 23:53:30,Турка,30663,True,129119,Chademo,40,1,FREE,,24.49
2026-08-29 23:53:30,Турка,30663,True,129120,CCS2,40,1,FREE,,24.49
2026-08-29 23:53:30,Турка,30663,True,129121,Type2,22,4,OTHER/OFFLINE,,20.99
2026-08-29 23:53:30,Турка,30663,True,129122,Type1,7,4,OTHER/OFFLINE,,20.99
2026-08-29 23:53:30,Дрогобич,12015,True,119565,Chademo,80,1,FREE,,18
2026-08-29 23:53:30,Дрогобич,12015,True,119566,CCS2,80,1,FREE,,19
2026-08-29 23:53:30,Дрогобич,12015,True,119567,GBT DC,80,1,FREE,,19
2026-08-29 23:53:30,Дрогобич,12015,True,119568,Type2,22,1,FREE,,17
2026-08-30 00:27:01,Ралівка,12095,True,119867,Chademo,80,1,FREE,,16
2026-08-30 00:27:01,Ралівка,12095,True,119868,CCS2,120,1,FREE,,16
2026-08-30 00:27:01,Ралівка,12095,True,119869,GBT DC,120,1,FREE,,16
2026-08-30 00:27:01,Ралівка,12095,True,119870,Type2,22,1,FREE,,13
2026-08-30 00:27:01,Турка,30663,True,129119,Chademo,40,1,FREE,,24.49
2026-08-30 00:27:01,Турка,30663,True,129120,CCS2,40,1,FREE,,24.49
2026-08-30 00:27:01,Турка,30663,True,129121,Type2,22,4,OTHER/OFFLINE,,20.99
2026-08-30 00:27:01,Турка,30663,True,129122,Type1,7,4,OTHER/OFFLINE,,20.99
2026-08-30 00:27:01,Дрогобич,12015,True,119565,Chademo,80,1,FREE,,18
2026-08-30 00:27:01,Дрогобич,12015,True,119566,CCS2,80,1,FREE,,19
2026-08-30 00:27:01,Дрогобич,12015,True,119567,GBT DC,80,1,FREE,,19
2026-08-30 00:27:01,Дрогобич,12015,True,119568,Type2,22,1,FREE,,17
2026-08-30 03:45:08,Ралівка,12095,True,119867,Chademo,80,1,FREE,,16
2026-08-30 03:45:08,Ралівка,12095,True,119868,CCS2,120,1,FREE,,16
2026-08-30 03:45:08,Ралівка,12095,True,119869,GBT DC,120,1,FREE,,16
2026-08-30 03:45:08,Ралівка,12095,True,119870,Type2,22,1,FREE,,13
2026-08-30 03:45:08,Турка,30663,True,129119,Chademo,40,1,FREE,,24.49
2026-08-30 03:45:08,Турка,30663,True,129120,CCS2,40,1,FREE,,24.49
2026-08-30 03:45:08,Турка,30663,True,129121,Type2,22,4,OTHER/OFFLINE,,20.99
2026-08-30 03:45:08,Турка,30663,True,129122,Type1,7,4,OTHER/OFFLINE,,20.99
2026-08-30 03:45:08,Дрогобич,12015,True,119565,Chademo,80,1,FREE,,18
2026-08-30 03:45:08,Дрогобич,12015,True,119566,CCS2,80,1,FREE,,19
2026-08-30 03:45:08,Дрогобич,12015,True,119567,GBT DC,80,1,FREE,,19
2026-08-30 03:45:08,Дрогобич,12015,True,119568,Type2,22,1,FREE,,17
2026-08-30 05:43:08,Ралівка,12095,True,119867,Chademo,80,1,FREE,,16
2026-08-30 05:43:08,Ралівка,12095,True,119868,CCS2,120,3,FINISHING,66,16
2026-08-30 05:43:08,Ралівка,12095,True,119869,GBT DC,120,1,FREE,,16
2026-08-30 05:43:08,Ралівка,12095,True,119870,Type2,22,1,FREE,,13
2026-08-30 05:43:08,Турка,30663,True,129119,Chademo,40,1,FREE,,24.49
2026-08-30 05:43:08,Турка,30663,True,129120,CCS2,40,1,FREE,,24.49
2026-08-30 05:43:08,Турка,30663,True,129121,Type2,22,4,OTHER/OFFLINE,,20.99
2026-08-30 05:43:08,Турка,30663,True,129122,Type1,7,4,OTHER/OFFLINE,,20.99
2026-08-30 05:43:08,Дрогобич,12015,True,119565,Chademo,80,1,FREE,,18
2026-08-30 05:43:08,Дрогобич,12015,True,119566,CCS2,80,1,FREE,,19
2026-08-30 05:43:08,Дрогобич,12015,True,119567,GBT DC,80,1,FREE,,19
2026-08-30 05:43:08,Дрогобич,12015,True,119568,Type2,22,1,FREE,,17
2026-08-30 09:44:49,Ралівка,12095,True,119867,Chademo,80,3,FINISHING,9,16
2026-08-30 09:44:49,Ралівка,12095,True,119868,CCS2,120,3,FINISHING,24,16
2026-08-30 09:44:49,Ралівка,12095,True,119869,GBT DC,120,1,FREE,,16
2026-08-30 09:44:49,Ралівка,12095,True,119870,Type2,22,1,FREE,,13
2026-08-30 09:44:49,Турка,30663,True,129119,Chademo,40,1,FREE,,24.49
2026-08-30 09:44:49,Турка,30663,True,129120,CCS2,40,1,FREE,,24.49
2026-08-30 09:44:49,Турка,30663,True,129121,Type2,22,4,OTHER/OFFLINE,,20.99
2026-08-30 09:44:49,Турка,30663,True,129122,Type1,7,4,OTHER/OFFLINE,,20.99
2026-08-30 09:44:49,Дрогобич,12015,True,119565,Chademo,80,1,FREE,,18
2026-08-30 09:44:49,Дрогобич,12015,True,119566,CCS2,80,1,FREE,,19
2026-08-30 09:44:49,Дрогобич,12015,True,119567,GBT DC,80,1,FREE,,19
2026-08-30 09:44:49,Дрогобич,12015,True,119568,Type2,22,1,FREE,,17
2026-08-30 10:42:52,Ралівка,12095,True,119867,Chademo,80,1,FREE,,16
2026-08-30 10:42:52,Ралівка,12095,True,119868,CCS2,120,1,FREE,,16
2026-08-30 10:42:52,Ралівка,12095,True,119869,GBT DC,120,1,FREE,,16
2026-08-30 10:42:52,Ралівка,12095,True,119870,Type2,22,1,FREE,,13
2026-08-30 10:42:52,Турка,30663,True,129119,Chademo,40,1,FREE,,24.49
2026-08-30 10:42:52,Турка,30663,True,129120,CCS2,40,1,FREE,,24.49
2026-08-30 10:42:52,Турка,30663,True,129121,Type2,22,4,OTHER/OFFLINE,,20.99
2026-08-30 10:42:52,Турка,30663,True,129122,Type1,7,4,OTHER/OFFLINE,,20.99
2026-08-30 10:42:52,Дрогобич,12015,True,119565,Chademo,80,4,OTHER/OFFLINE,,18
2026-08-30 10:42:52,Дрогобич,12015,True,119566,CCS2,80,3,FINISHING,83,19
2026-08-30 10:42:52,Дрогобич,12015,True,119567,GBT DC,80,4,OTHER/OFFLINE,,19
2026-08-30 10:42:52,Дрогобич,12015,True,119568,Type2,22,1,FREE,,17
2026-08-30 14:40:45,Ралівка,12095,True,119867,Chademo,80,3,FINISHING,71,16
2026-08-30 14:40:45,Ралівка,12095,True,119868,CCS2,120,1,FREE,,16
2026-08-30 14:40:45,Ралівка,12095,True,119869,GBT DC,120,1,FREE,,16
2026-08-30 14:40:45,Ралівка,12095,True,119870,Type2,22,1,FREE,,13
2026-08-30 14:40:45,Турка,30663,True,129119,Chademo,40,1,FREE,,24.49
2026-08-30 14:40:45,Турка,30663,True,129120,CCS2,40,1,FREE,,24.49
2026-08-30 14:40:45,Турка,30663,True,129121,Type2,22,4,OTHER/OFFLINE,,20.99
2026-08-30 14:40:45,Турка,30663,True,129122,Type1,7,4,OTHER/OFFLINE,,20.99
2026-08-30 14:40:45,Дрогобич,12015,True,119565,Chademo,80,4,OTHER/OFFLINE,,18
2026-08-30 14:40:45,Дрогобич,12015,True,119566,CCS2,80,4,OTHER/OFFLINE,,19
2026-08-30 14:40:45,Дрогобич,12015,True,119567,GBT DC,80,4,OTHER/OFFLINE,,19
2026-08-30 14:40:45,Дрогобич,12015,True,119568,Type2,22,3,FINISHING,,17
2026-08-30 15:03:34,Ралівка,12095,True,119867,Chademo,80,3,FINISHING,98,16
2026-08-30 15:03:34,Ралівка,12095,True,119868,CCS2,120,1,FREE,,16
2026-08-30 15:03:34,Ралівка,12095,True,119869,GBT DC,120,1,FREE,,16
2026-08-30 15:03:34,Ралівка,12095,True,119870,Type2,22,1,FREE,,13
2026-08-30 15:03:34,Турка,30663,True,129119,Chademo,40,1,FREE,,24.49
2026-08-30 15:03:34,Турка,30663,True,129120,CCS2,40,1,FREE,,24.49
2026-08-30 15:03:34,Турка,30663,True,129121,Type2,22,4,OTHER/OFFLINE,,20.99
2026-08-30 15:03:34,Турка,30663,True,129122,Type1,7,4,OTHER/OFFLINE,,20.99
2026-08-30 15:03:34,Дрогобич,12015,True,119565,Chademo,80,4,OTHER/OFFLINE,,18
2026-08-30 15:03:34,Дрогобич,12015,True,119566,CCS2,80,3,FINISHING,40,19
2026-08-30 15:03:34,Дрогобич,12015,True,119567,GBT DC,80,4,OTHER/OFFLINE,,19
2026-08-30 15:03:34,Дрогобич,12015,True,119568,Type2,22,3,FINISHING,,17
2026-08-30 18:24:56,Ралівка,12095,True,119867,Chademo,80,1,FREE,,16
2026-08-30 18:24:56,Ралівка,12095,True,119868,CCS2,120,1,FREE,,16
2026-08-30 18:24:56,Ралівка,12095,True,119869,GBT DC,120,1,FREE,,16
2026-08-30 18:24:56,Ралівка,12095,True,119870,Type2,22,1,FREE,,13
2026-08-30 18:24:56,Турка,30663,True,129119,Chademo,40,1,FREE,,24.49
2026-08-30 18:24:56,Турка,30663,True,129120,CCS2,40,1,FREE,,24.49
2026-08-30 18:24:56,Турка,30663,True,129121,Type2,22,4,OTHER/OFFLINE,,20.99
2026-08-30 18:24:56,Турка,30663,True,129122,Type1,7,4,OTHER/OFFLINE,,20.99
2026-08-30 18:24:56,Дрогобич,12015,True,119565,Chademo,80,4,OTHER/OFFLINE,,18
2026-08-30 18:24:56,Дрогобич,12015,True,119566,CCS2,80,3,FINISHING,35,19
2026-08-30 18:24:56,Дрогобич,12015,True,119567,GBT DC,80,4,OTHER/OFFLINE,,19
2026-08-30 18:24:56,Дрогобич,12015,True,119568,Type2,22,1,FREE,,17
2026-08-30 18:36:13,Ралівка,12095,True,119867,Chademo,80,1,FREE,,16
2026-08-30 18:36:13,Ралівка,12095,True,119868,CCS2,120,1,FREE,,16
2026-08-30 18:36:13,Ралівка,12095,True,119869,GBT DC,120,1,FREE,,16
2026-08-30 18:36:13,Ралівка,12095,True,119870,Type2,22,1,FREE,,13
2026-08-30 18:36:13,Турка,30663,True,129119,Chademo,40,1,FREE,,24.49
2026-08-30 18:36:13,Турка,30663,True,129120,CCS2,40,1,FREE,,24.49
2026-08-30 18:36:13,Турка,30663,True,129121,Type2,22,4,OTHER/OFFLINE,,20.99
2026-08-30 18:36:13,Турка,30663,True,129122,Type1,7,4,OTHER/OFFLINE,,20.99
2026-08-30 18:36:13,Дрогобич,12015,True,119565,Chademo,80,4,OTHER/OFFLINE,,18
2026-08-30 18:36:13,Дрогобич,12015,True,119566,CCS2,80,3,FINISHING,49,19
2026-08-30 18:36:13,Дрогобич,12015,True,119567,GBT DC,80,4,OTHER/OFFLINE,,19
2026-08-30 18:36:13,Дрогобич,12015,True,119568,Type2,22,1,FREE,,17
2026-08-30 21:33:20,Ралівка,12095,True,119867,Chademo,80,1,FREE,,16
2026-08-30 21:33:20,Ралівка,12095,True,119868,CCS2,120,1,FREE,,16
2026-08-30 21:33:20,Ралівка,12095,True,119869,GBT DC,120,1,FREE,,16
2026-08-30 21:33:20,Ралівка,12095,True,119870,Type2,22,1,FREE,,13
2026-08-30 21:33:20,Турка,30663,True,129119,Chademo,40,1,FREE,,24.49
2026-08-30 21:33:20,Турка,30663,True,129120,CCS2,40,1,FREE,,24.49
2026-08-30 21:33:20,Турка,30663,True,129121,Type2,22,4,OTHER/OFFLINE,,20.99
2026-08-30 21:33:20,Турка,30663,True,129122,Type1,7,4,OTHER/OFFLINE,,20.99
2026-08-30 21:33:20,Дрогобич,12015,True,119565,Chademo,80,1,FREE,,18
2026-08-30 21:33:20,Дрогобич,12015,True,119566,CCS2,80,1,FREE,,19
2026-08-30 21:33:20,Дрогобич,12015,True,119567,GBT DC,80,1,FREE,,19
2026-08-30 21:33:20,Дрогобич,12015,True,119568,Type2,22,1,FREE,,17
2026-08-30 21:50:10,Ралівка,12095,True,119867,Chademo,80,1,FREE,,16
2026-08-30 21:50:10,Ралівка,12095,True,119868,CCS2,120,1,FREE,,16
2026-08-30 21:50:10,Ралівка,12095,True,119869,GBT DC,120,1,FREE,,16
2026-08-30 21:50:10,Ралівка,12095,True,119870,Type2,22,1,FREE,,13
2026-08-30 21:50:10,Турка,30663,True,129119,Chademo,40,1,FREE,,24.49
2026-08-30 21:50:10,Турка,30663,True,129120,CCS2,40,1,FREE,,24.49
2026-08-30 21:50:10,Турка,30663,True,129121,Type2,22,4,OTHER/OFFLINE,,20.99
2026-08-30 21:50:10,Турка,30663,True,129122,Type1,7,4,OTHER/OFFLINE,,20.99
2026-08-30 21:50:10,Дрогобич,12015,True,119565,Chademo,80,1,FREE,,18
2026-08-30 21:50:10,Дрогобич,12015,True,119566,CCS2,80,1,FREE,,19
2026-08-30 21:50:10,Дрогобич,12015,True,119567,GBT DC,80,1,FREE,,19
2026-08-30 21:50:10,Дрогобич,12015,True,119568,Type2,22,1,FREE,,17
2026-08-30 23:49:02,Ралівка,12095,True,119867,Chademo,80,1,FREE,,16
2026-08-30 23:49:02,Ралівка,12095,True,119868,CCS2,120,1,FREE,,16
2026-08-30 23:49:02,Ралівка,12095,True,119869,GBT DC,120,1,FREE,,16
2026-08-30 23:49:02,Ралівка,12095,True,119870,Type2,22,1,FREE,,13
2026-08-30 23:49:02,Турка,30663,True,129119,Chademo,40,1,FREE,,24.49
2026-08-30 23:49:02,Турка,30663,True,129120,CCS2,40,1,FREE,,24.49
2026-08-30 23:49:02,Турка,30663,True,129121,Type2,22,4,OTHER/OFFLINE,,20.99
2026-08-30 23:49:02,Турка,30663,True,129122,Type1,7,4,OTHER/OFFLINE,,20.99
2026-08-30 23:49:02,Дрогобич,12015,True,119565,Chademo,80,1,FREE,,18
2026-08-30 23:49:02,Дрогобич,12015,True,119566,CCS2,80,1,FREE,,19
2026-08-30 23:49:02,Дрогобич,12015,True,119567,GBT DC,80,1,FREE,,19
2026-08-30 23:49:02,Дрогобич,12015,True,119568,Type2,22,1,FREE,,17
2026-08-31 00:12:19,Ралівка,12095,True,119867,Chademo,80,1,FREE,,16
2026-08-31 00:12:19,Ралівка,12095,True,119868,CCS2,120,1,FREE,,16
2026-08-31 00:12:19,Ралівка,12095,True,119869,GBT DC,120,1,FREE,,16
2026-08-31 00:12:19,Ралівка,12095,True,119870,Type2,22,1,FREE,,13
2026-08-31 00:12:19,Турка,30663,True,129119,Chademo,40,1,FREE,,24.49
2026-08-31 00:12:19,Турка,30663,True,129120,CCS2,40,1,FREE,,24.49
2026-08-31 00:12:19,Турка,30663,True,129121,Type2,22,4,OTHER/OFFLINE,,20.99
2026-08-31 00:12:19,Турка,30663,True,129122,Type1,7,4,OTHER/OFFLINE,,20.99
2026-08-31 00:12:19,Дрогобич,12015,True,119565,Chademo,80,1,FREE,,18
2026-08-31 00:12:19,Дрогобич,12015,True,119566,CCS2,80,1,FREE,,19
2026-08-31 00:12:19,Дрогобич,12015,True,119567,GBT DC,80,1,FREE,,19
2026-08-31 00:12:19,Дрогобич,12015,True,119568,Type2,22,1,FREE,,17
2026-08-31 01:58:03,Ралівка,12095,True,119867,Chademo,80,1,FREE,,16
2026-08-31 01:58:03,Ралівка,12095,True,119868,CCS2,120,1,FREE,,16
2026-08-31 01:58:03,Ралівка,12095,True,119869,GBT DC,120,1,FREE,,16
2026-08-31 01:58:03,Ралівка,12095,True,119870,Type2,22,1,FREE,,13
2026-08-31 01:58:03,Турка,30663,True,129119,Chademo,40,1,FREE,,24.49
2026-08-31 01:58:03,Турка,30663,True,129120,CCS2,40,1,FREE,,24.49
2026-08-31 01:58:03,Турка,30663,True,129121,Type2,22,4,OTHER/OFFLINE,,20.99
2026-08-31 01:58:03,Турка,30663,True,129122,Type1,7,4,OTHER/OFFLINE,,20.99
2026-08-31 01:58:03,Дрогобич,12015,True,119565,Chademo,80,1,FREE,,18
2026-08-31 01:58:03,Дрогобич,12015,True,119566,CCS2,80,1,FREE,,19
2026-08-31 01:58:03,Дрогобич,12015,True,119567,GBT DC,80,1,FREE,,19
2026-08-31 01:58:03,Дрогобич,12015,True,119568,Type2,22,1,FREE,,17
2026-08-31 06:40:31,Ралівка,12095,True,119867,Chademo,80,1,FREE,,16
2026-08-31 06:40:31,Ралівка,12095,True,119868,CCS2,120,1,FREE,,16
2026-08-31 06:40:31,Ралівка,12095,True,119869,GBT DC,120,1,FREE,,16
2026-08-31 06:40:31,Ралівка,12095,True,119870,Type2,22,1,FREE,,13
2026-08-31 06:40:31,Турка,30663,True,129119,Chademo,40,1,FREE,,24.49
2026-08-31 06:40:31,Турка,30663,True,129120,CCS2,40,1,FREE,,24.49
2026-08-31 06:40:31,Турка,30663,True,129121,Type2,22,4,OTHER/OFFLINE,,20.99
2026-08-31 06:40:31,Турка,30663,True,129122,Type1,7,4,OTHER/OFFLINE,,20.99
2026-08-31 06:40:31,Дрогобич,12015,True,119565,Chademo,80,1,FREE,,18
2026-08-31 06:40:31,Дрогобич,12015,True,119566,CCS2,80,1,FREE,,19
2026-08-31 06:40:31,Дрогобич,12015,True,119567,GBT DC,80,1,FREE,,19
2026-08-31 06:40:31,Дрогобич,12015,True,119568,Type2,22,1,FREE,,17
2026-08-31 08:34:50,Ралівка,12095,True,119867,Chademo,80,1,FREE,,16
2026-08-31 08:34:50,Ралівка,12095,True,119868,CCS2,120,1,FREE,,16
2026-08-31 08:34:50,Ралівка,12095,True,119869,GBT DC,120,1,FREE,,16
2026-08-31 08:34:50,Ралівка,12095,True,119870,Type2,22,1,FREE,,13
2026-08-31 08:34:50,Турка,30663,True,129119,Chademo,40,1,FREE,,24.49
2026-08-31 08:34:50,Турка,30663,True,129120,CCS2,40,1,FREE,,24.49
2026-08-31 08:34:50,Турка,30663,True,129121,Type2,22,4,OTHER/OFFLINE,,20.99
2026-08-31 08:34:50,Турка,30663,True,129122,Type1,7,4,OTHER/OFFLINE,,20.99
2026-08-31 08:34:50,Дрогобич,12015,True,119565,Chademo,80,4,OTHER/OFFLINE,,18
2026-08-31 08:34:50,Дрогобич,12015,True,119566,CCS2,80,4,OTHER/OFFLINE,,19
2026-08-31 08:34:50,Дрогобич,12015,True,119567,GBT DC,80,4,OTHER/OFFLINE,,19
2026-08-31 08:34:50,Дрогобич,12015,True,119568,Type2,22,1,FREE,,17
2026-08-31 14:50:29,Ралівка,12095,True,119867,Chademo,80,1,FREE,,16
2026-08-31 14:50:29,Ралівка,12095,True,119868,CCS2,120,1,FREE,,16
2026-08-31 14:50:29,Ралівка,12095,True,119869,GBT DC,120,1,FREE,,16
2026-08-31 14:50:29,Ралівка,12095,True,119870,Type2,22,1,FREE,,13
2026-08-31 14:50:29,Турка,30663,True,129119,Chademo,40,1,FREE,,24.49
2026-08-31 14:50:29,Турка,30663,True,129120,CCS2,40,1,FREE,,24.49
2026-08-31 14:50:29,Турка,30663,True,129121,Type2,22,4,OTHER/OFFLINE,,20.99
2026-08-31 14:50:29,Турка,30663,True,129122,Type1,7,4,OTHER/OFFLINE,,20.99
2026-08-31 14:50:29,Дрогобич,12015,True,119565,Chademo,80,1,FREE,,18
2026-08-31 14:50:29,Дрогобич,12015,True,119566,CCS2,80,1,FREE,,19
2026-08-31 14:50:29,Дрогобич,12015,True,119567,GBT DC,80,1,FREE,,19
2026-08-31 14:50:29,Дрогобич,12015,True,119568,Type2,22,1,FREE,,17
2026-08-31 16:22:08,Ралівка,12095,True,119867,Chademo,80,1,FREE,,16
2026-08-31 16:22:08,Ралівка,12095,True,119868,CCS2,120,3,FINISHING,,16
2026-08-31 16:22:08,Ралівка,12095,True,119869,GBT DC,120,1,FREE,,16
2026-08-31 16:22:08,Ралівка,12095,True,119870,Type2,22,1,FREE,,13
2026-08-31 16:22:08,Турка,30663,True,129119,Chademo,40,1,FREE,,24.49
2026-08-31 16:22:08,Турка,30663,True,129120,CCS2,40,1,FREE,,24.49
2026-08-31 16:22:08,Турка,30663,True,129121,Type2,22,4,OTHER/OFFLINE,,20.99
2026-08-31 16:22:08,Турка,30663,True,129122,Type1,7,4,OTHER/OFFLINE,,20.99
2026-08-31 16:22:08,Дрогобич,12015,True,119565,Chademo,80,1,FREE,,18
2026-08-31 16:22:08,Дрогобич,12015,True,119566,CCS2,80,1,FREE,,19
2026-08-31 16:22:08,Дрогобич,12015,True,119567,GBT DC,80,1,FREE,,19
2026-08-31 16:22:08,Дрогобич,12015,True,119568,Type2,22,1,FREE,,17
2026-08-31 20:39:37,Ралівка,12095,True,119867,Chademo,80,1,FREE,,16
2026-08-31 20:39:37,Ралівка,12095,True,119868,CCS2,120,1,FREE,,16
2026-08-31 20:39:37,Ралівка,12095,True,119869,GBT DC,120,1,FREE,,16
2026-08-31 20:39:37,Ралівка,12095,True,119870,Type2,22,1,FREE,,13
2026-08-31 20:39:37,Турка,30663,True,129119,Chademo,40,1,FREE,,24.49
2026-08-31 20:39:37,Турка,30663,True,129120,CCS2,40,1,FREE,,24.49
2026-08-31 20:39:37,Турка,30663,True,129121,Type2,22,4,OTHER/OFFLINE,,20.99
2026-08-31 20:39:37,Турка,30663,True,129122,Type1,7,4,OTHER/OFFLINE,,20.99
2026-08-31 20:39:37,Дрогобич,12015,True,119565,Chademo,80,1,FREE,,18
2026-08-31 20:39:37,Дрогобич,12015,True,119566,CCS2,80,1,FREE,,19
2026-08-31 20:39:37,Дрогобич,12015,True,119567,GBT DC,80,1,FREE,,19
2026-08-31 20:39:37,Дрогобич,12015,True,119568,Type2,22,1,FREE,,17
2026-08-31 21:32:44,Ралівка,12095,True,119867,Chademo,80,1,FREE,,16
2026-08-31 21:32:44,Ралівка,12095,True,119868,CCS2,120,1,FREE,,16
2026-08-31 21:32:44,Ралівка,12095,True,119869,GBT DC,120,1,FREE,,16
2026-08-31 21:32:44,Ралівка,12095,True,119870,Type2,22,1,FREE,,13
2026-08-31 21:32:44,Турка,30663,True,129119,Chademo,40,1,FREE,,24.49
2026-08-31 21:32:44,Турка,30663,True,129120,CCS2,40,1,FREE,,24.49
2026-08-31 21:32:44,Турка,30663,True,129121,Type2,22,4,OTHER/OFFLINE,,20.99
2026-08-31 21:32:44,Турка,30663,True,129122,Type1,7,4,OTHER/OFFLINE,,20.99
2026-08-31 21:32:44,Дрогобич,12015,True,119565,Chademo,80,1,FREE,,18
2026-08-31 21:32:44,Дрогобич,12015,True,119566,CCS2,80,1,FREE,,19
2026-08-31 21:32:44,Дрогобич,12015,True,119567,GBT DC,80,1,FREE,,19
2026-08-31 21:32:44,Дрогобич,12015,True,119568,Type2,22,1,FREE,,17
2026-09-01 00:23:29,Ралівка,12095,True,119867,Chademo,80,1,FREE,,16
2026-09-01 00:23:29,Ралівка,12095,True,119868,CCS2,120,1,FREE,,16
2026-09-01 00:23:29,Ралівка,12095,True,119869,GBT DC,120,1,FREE,,16
2026-09-01 00:23:29,Ралівка,12095,True,119870,Type2,22,1,FREE,,13
2026-09-01 00:23:29,Турка,30663,True,129119,Chademo,40,1,FREE,,24.49
2026-09-01 00:23:29,Турка,30663,True,129120,CCS2,40,1,FREE,,24.49
2026-09-01 00:23:29,Турка,30663,True,129121,Type2,22,4,OTHER/OFFLINE,,20.99
2026-09-01 00:23:29,Турка,30663,True,129122,Type1,7,4,OTHER/OFFLINE,,20.99
2026-09-01 00:23:29,Дрогобич,12015,True,119565,Chademo,80,1,FREE,,18
2026-09-01 00:23:29,Дрогобич,12015,True,119566,CCS2,80,1,FREE,,19
2026-09-01 00:23:29,Дрогобич,12015,True,119567,GBT DC,80,1,FREE,,19
2026-09-01 00:23:29,Дрогобич,12015,True,119568,Type2,22,1,FREE,,17
2026-09-01 00:46:12,Ралівка,12095,True,119867,Chademo,80,1,FREE,,16
2026-09-01 00:46:12,Ралівка,12095,True,119868,CCS2,120,1,FREE,,16
2026-09-01 00:46:12,Ралівка,12095,True,119869,GBT DC,120,1,FREE,,16
2026-09-01 00:46:12,Ралівка,12095,True,119870,Type2,22,1,FREE,,13
2026-09-01 00:46:12,Турка,30663,True,129119,Chademo,40,1,FREE,,24.49
2026-09-01 00:46:12,Турка,30663,True,129120,CCS2,40,1,FREE,,24.49
2026-09-01 00:46:12,Турка,30663,True,129121,Type2,22,4,OTHER/OFFLINE,,20.99
2026-09-01 00:46:12,Турка,30663,True,129122,Type1,7,4,OTHER/OFFLINE,,20.99
2026-09-01 00:46:12,Дрогобич,12015,True,119565,Chademo,80,1,FREE,,18
2026-09-01 00:46:12,Дрогобич,12015,True,119566,CCS2,80,1,FREE,,19
2026-09-01 00:46:12,Дрогобич,12015,True,119567,GBT DC,80,1,FREE,,19
2026-09-01 00:46:12,Дрогобич,12015,True,119568,Type2,22,1,FREE,,17
2026-09-01 05:45:08,Ралівка,12095,False,119867,Chademo,80,2,CHARGING,,16
2026-09-01 05:45:08,Ралівка,12095,False,119868,CCS2,120,2,CHARGING,,16
2026-09-01 05:45:08,Ралівка,12095,False,119869,GBT DC,120,2,CHARGING,,16
2026-09-01 05:45:08,Ралівка,12095,False,119870,Type2,22,2,CHARGING,,13
2026-09-01 05:45:08,Турка,30663,True,129119,Chademo,40,1,FREE,,24.49
2026-09-01 05:45:08,Турка,30663,True,129120,CCS2,40,1,FREE,,24.49
2026-09-01 05:45:08,Турка,30663,True,129121,Type2,22,4,OTHER/OFFLINE,,20.99
2026-09-01 05:45:08,Турка,30663,True,129122,Type1,7,4,OTHER/OFFLINE,,20.99
2026-09-01 05:45:08,Дрогобич,12015,True,119565,Chademo,80,1,FREE,,18
2026-09-01 05:45:08,Дрогобич,12015,True,119566,CCS2,80,1,FREE,,19
2026-09-01 05:45:08,Дрогобич,12015,True,119567,GBT DC,80,1,FREE,,19
2026-09-01 05:45:08,Дрогобич,12015,True,119568,Type2,22,1,FREE,,17
2026-09-01 06:01:20,Ралівка,12095,False,119867,Chademo,80,2,CHARGING,,16
2026-09-01 06:01:20,Ралівка,12095,False,119868,CCS2,120,2,CHARGING,,16
2026-09-01 06:01:20,Ралівка,12095,False,119869,GBT DC,120,2,CHARGING,,16
2026-09-01 06:01:20,Ралівка,12095,False,119870,Type2,22,2,CHARGING,,13
2026-09-01 06:01:20,Турка,30663,True,129119,Chademo,40,1,FREE,,24.49
2026-09-01 06:01:20,Турка,30663,True,129120,CCS2,40,1,FREE,,24.49
2026-09-01 06:01:20,Турка,30663,True,129121,Type2,22,4,OTHER/OFFLINE,,20.99
2026-09-01 06:01:20,Турка,30663,True,129122,Type1,7,4,OTHER/OFFLINE,,20.99
2026-09-01 06:01:20,Дрогобич,12015,True,119565,Chademo,80,1,FREE,,18
2026-09-01 06:01:20,Дрогобич,12015,True,119566,CCS2,80,1,FREE,,19
2026-09-01 06:01:20,Дрогобич,12015,True,119567,GBT DC,80,1,FREE,,19
2026-09-01 06:01:20,Дрогобич,12015,True,119568,Type2,22,1,FREE,,17
2026-09-01 10:32:22,Ралівка,12095,True,119867,Chademo,80,1,FREE,,16
2026-09-01 10:32:22,Ралівка,12095,True,119868,CCS2,120,3,FINISHING,68,16
2026-09-01 10:32:22,Ралівка,12095,True,119869,GBT DC,120,1,FREE,,16
2026-09-01 10:32:22,Ралівка,12095,True,119870,Type2,22,1,FREE,,13
2026-09-01 10:32:22,Турка,30663,True,129119,Chademo,40,1,FREE,,24.49
2026-09-01 10:32:22,Турка,30663,True,129120,CCS2,40,1,FREE,,24.49
2026-09-01 10:32:22,Турка,30663,True,129121,Type2,22,4,OTHER/OFFLINE,,20.99
2026-09-01 10:32:22,Турка,30663,True,129122,Type1,7,4,OTHER/OFFLINE,,20.99
2026-09-01 10:32:22,Дрогобич,12015,True,119565,Chademo,80,3,FINISHING,,18
2026-09-01 10:32:22,Дрогобич,12015,True,119566,CCS2,80,1,FREE,,19
2026-09-01 10:32:22,Дрогобич,12015,True,119567,GBT DC,80,1,FREE,,19
2026-09-01 10:32:22,Дрогобич,12015,True,119568,Type2,22,1,FREE,,17
2026-09-01 11:24:06,Ралівка,12095,True,119867,Chademo,80,1,FREE,,16
2026-09-01 11:24:06,Ралівка,12095,True,119868,CCS2,120,1,FREE,,16
2026-09-01 11:24:06,Ралівка,12095,True,119869,GBT DC,120,1,FREE,,16
2026-09-01 11:24:06,Ралівка,12095,True,119870,Type2,22,1,FREE,,13
2026-09-01 11:24:06,Турка,30663,True,129119,Chademo,40,1,FREE,,24.49
2026-09-01 11:24:06,Турка,30663,True,129120,CCS2,40,1,FREE,,24.49
2026-09-01 11:24:06,Турка,30663,True,129121,Type2,22,4,OTHER/OFFLINE,,20.99
2026-09-01 11:24:06,Турка,30663,True,129122,Type1,7,4,OTHER/OFFLINE,,20.99
2026-09-01 11:24:06,Дрогобич,12015,True,119565,Chademo,80,1,FREE,,18
2026-09-01 11:24:06,Дрогобич,12015,True,119566,CCS2,80,1,FREE,,19
2026-09-01 11:24:06,Дрогобич,12015,True,119567,GBT DC,80,1,FREE,,19
2026-09-01 11:24:06,Дрогобич,12015,True,119568,Type2,22,3,FINISHING,,17
2026-09-01 15:09:51,Ралівка,12095,True,119867,Chademo,80,1,FREE,,16
2026-09-01 15:09:51,Ралівка,12095,True,119868,CCS2,120,1,FREE,,16
2026-09-01 15:09:51,Ралівка,12095,True,119869,GBT DC,120,1,FREE,,16
2026-09-01 15:09:51,Ралівка,12095,True,119870,Type2,22,1,FREE,,13
2026-09-01 15:09:51,Турка,30663,True,129119,Chademo,40,1,FREE,,24.49
2026-09-01 15:09:51,Турка,30663,True,129120,CCS2,40,1,FREE,,24.49
2026-09-01 15:09:51,Турка,30663,True,129121,Type2,22,4,OTHER/OFFLINE,,20.99
2026-09-01 15:09:51,Турка,30663,True,129122,Type1,7,4,OTHER/OFFLINE,,20.99
2026-09-01 15:09:51,Дрогобич,12015,True,119565,Chademo,80,1,FREE,,18
2026-09-01 15:09:51,Дрогобич,12015,True,119566,CCS2,80,1,FREE,,19
2026-09-01 15:09:51,Дрогобич,12015,True,119567,GBT DC,80,1,FREE,,19
2026-09-01 15:09:51,Дрогобич,12015,True,119568,Type2,22,4,OTHER/OFFLINE,,17
2026-09-01 16:04:57,Ралівка,12095,True,119867,Chademo,80,1,FREE,,16
2026-09-01 16:04:57,Ралівка,12095,True,119868,CCS2,120,1,FREE,,16
2026-09-01 16:04:57,Ралівка,12095,True,119869,GBT DC,120,1,FREE,,16
2026-09-01 16:04:57,Ралівка,12095,True,119870,Type2,22,1,FREE,,13
2026-09-01 16:04:57,Турка,30663,True,129119,Chademo,40,1,FREE,,24.49
2026-09-01 16:04:57,Турка,30663,True,129120,CCS2,40,1,FREE,,24.49
2026-09-01 16:04:57,Турка,30663,True,129121,Type2,22,4,OTHER/OFFLINE,,20.99
2026-09-01 16:04:57,Турка,30663,True,129122,Type1,7,4,OTHER/OFFLINE,,20.99
2026-09-01 16:04:57,Дрогобич,12015,True,119565,Chademo,80,1,FREE,,18
2026-09-01 16:04:57,Дрогобич,12015,True,119566,CCS2,80,1,FREE,,19
2026-09-01 16:04:57,Дрогобич,12015,True,119567,GBT DC,80,1,FREE,,19
2026-09-01 16:04:57,Дрогобич,12015,True,119568,Type2,22,4,OTHER/OFFLINE,,17
2026-09-01 18:32:54,Ралівка,12095,True,119867,Chademo,80,1,FREE,,16
2026-09-01 18:32:54,Ралівка,12095,True,119868,CCS2,120,1,FREE,,16
2026-09-01 18:32:54,Ралівка,12095,True,119869,GBT DC,120,1,FREE,,16
2026-09-01 18:32:54,Ралівка,12095,True,119870,Type2,22,1,FREE,,13
2026-09-01 18:32:54,Турка,30663,True,129119,Chademo,40,1,FREE,,24.49
2026-09-01 18:32:54,Турка,30663,True,129120,CCS2,40,1,FREE,,24.49
2026-09-01 18:32:54,Турка,30663,True,129121,Type2,22,4,OTHER/OFFLINE,,20.99
2026-09-01 18:32:54,Турка,30663,True,129122,Type1,7,4,OTHER/OFFLINE,,20.99
2026-09-01 18:32:54,Дрогобич,12015,True,119565,Chademo,80,1,FREE,,18
2026-09-01 18:32:54,Дрогобич,12015,True,119566,CCS2,80,1,FREE,,19
2026-09-01 18:32:54,Дрогобич,12015,True,119567,GBT DC,80,1,FREE,,19
2026-09-01 18:32:54,Дрогобич,12015,True,119568,Type2,22,1,FREE,,17
2026-09-01 19:44:30,Ралівка,12095,True,119867,Chademo,80,1,FREE,,16
2026-09-01 19:44:30,Ралівка,12095,True,119868,CCS2,120,3,FINISHING,92,16
2026-09-01 19:44:30,Ралівка,12095,True,119869,GBT DC,120,1,FREE,,16
2026-09-01 19:44:30,Ралівка,12095,True,119870,Type2,22,1,FREE,,13
2026-09-01 19:44:30,Турка,30663,True,129119,Chademo,40,1,FREE,,24.49
2026-09-01 19:44:30,Турка,30663,True,129120,CCS2,40,1,FREE,,24.49
2026-09-01 19:44:30,Турка,30663,True,129121,Type2,22,4,OTHER/OFFLINE,,20.99
2026-09-01 19:44:30,Турка,30663,True,129122,Type1,7,4,OTHER/OFFLINE,,20.99
2026-09-01 19:44:30,Дрогобич,12015,True,119565,Chademo,80,4,OTHER/OFFLINE,,18
2026-09-01 19:44:30,Дрогобич,12015,True,119566,CCS2,80,3,FINISHING,61,19
2026-09-01 19:44:30,Дрогобич,12015,True,119567,GBT DC,80,4,OTHER/OFFLINE,,19
2026-09-01 19:44:30,Дрогобич,12015,True,119568,Type2,22,1,FREE,,17
2026-09-01 21:18:30,Ралівка,12095,True,119867,Chademo,80,1,FREE,,16
2026-09-01 21:18:30,Ралівка,12095,True,119868,CCS2,120,1,FREE,,16
2026-09-01 21:18:30,Ралівка,12095,True,119869,GBT DC,120,1,FREE,,16
2026-09-01 21:18:30,Ралівка,12095,True,119870,Type2,22,1,FREE,,13
2026-09-01 21:18:30,Турка,30663,True,129119,Chademo,40,1,FREE,,24.49
2026-09-01 21:18:30,Турка,30663,True,129120,CCS2,40,1,FREE,,24.49
2026-09-01 21:18:30,Турка,30663,True,129121,Type2,22,4,OTHER/OFFLINE,,20.99
2026-09-01 21:18:30,Турка,30663,True,129122,Type1,7,4,OTHER/OFFLINE,,20.99
2026-09-01 21:18:30,Дрогобич,12015,True,119565,Chademo,80,1,FREE,,18
2026-09-01 21:18:30,Дрогобич,12015,True,119566,CCS2,80,1,FREE,,19
2026-09-01 21:18:30,Дрогобич,12015,True,119567,GBT DC,80,1,FREE,,19
2026-09-01 21:18:30,Дрогобич,12015,True,119568,Type2,22,1,FREE,,17
2026-09-01 22:23:23,Ралівка,12095,True,119867,Chademo,80,1,FREE,,16
2026-09-01 22:23:23,Ралівка,12095,True,119868,CCS2,120,1,FREE,,16
2026-09-01 22:23:23,Ралівка,12095,True,119869,GBT DC,120,1,FREE,,16
2026-09-01 22:23:23,Ралівка,12095,True,119870,Type2,22,1,FREE,,13
2026-09-01 22:23:23,Турка,30663,True,129119,Chademo,40,1,FREE,,24.49
2026-09-01 22:23:23,Турка,30663,True,129120,CCS2,40,1,FREE,,24.49
2026-09-01 22:23:23,Турка,30663,True,129121,Type2,22,4,OTHER/OFFLINE,,20.99
2026-09-01 22:23:23,Турка,30663,True,129122,Type1,7,4,OTHER/OFFLINE,,20.99
2026-09-01 22:23:23,Дрогобич,12015,True,119565,Chademo,80,1,FREE,,18
2026-09-01 22:23:23,Дрогобич,12015,True,119566,CCS2,80,1,FREE,,19
2026-09-01 22:23:23,Дрогобич,12015,True,119567,GBT DC,80,1,FREE,,19
2026-09-01 22:23:23,Дрогобич,12015,True,119568,Type2,22,1,FREE,,17
2026-09-01 23:24:40,Ралівка,12095,True,119867,Chademo,80,1,FREE,,16
2026-09-01 23:24:40,Ралівка,12095,True,119868,CCS2,120,1,FREE,,16
2026-09-01 23:24:40,Ралівка,12095,True,119869,GBT DC,120,1,FREE,,16
2026-09-01 23:24:40,Ралівка,12095,True,119870,Type2,22,1,FREE,,13
2026-09-01 23:24:40,Турка,30663,True,129119,Chademo,40,1,FREE,,24.49
2026-09-01 23:24:40,Турка,30663,True,129120,CCS2,40,1,FREE,,24.49
2026-09-01 23:24:40,Турка,30663,True,129121,Type2,22,4,OTHER/OFFLINE,,20.99
2026-09-01 23:24:40,Турка,30663,True,129122,Type1,7,4,OTHER/OFFLINE,,20.99
2026-09-01 23:24:40,Дрогобич,12015,True,119565,Chademo,80,1,FREE,,18
2026-09-01 23:24:40,Дрогобич,12015,True,119566,CCS2,80,1,FREE,,19
2026-09-01 23:24:40,Дрогобич,12015,True,119567,GBT DC,80,1,FREE,,19
2026-09-01 23:24:40,Дрогобич,12015,True,119568,Type2,22,1,FREE,,17
2026-09-02 00:49:05,Ралівка,12095,True,119867,Chademo,80,3,FINISHING,34,16
2026-09-02 00:49:05,Ралівка,12095,True,119868,CCS2,120,1,FREE,,16
2026-09-02 00:49:05,Ралівка,12095,True,119869,GBT DC,120,1,FREE,,16
2026-09-02 00:49:05,Ралівка,12095,True,119870,Type2,22,1,FREE,,13
2026-09-02 00:49:05,Турка,30663,True,129119,Chademo,40,1,FREE,,24.49
2026-09-02 00:49:05,Турка,30663,True,129120,CCS2,40,1,FREE,,24.49
2026-09-02 00:49:05,Турка,30663,True,129121,Type2,22,4,OTHER/OFFLINE,,20.99
2026-09-02 00:49:05,Турка,30663,True,129122,Type1,7,4,OTHER/OFFLINE,,20.99
2026-09-02 00:49:05,Дрогобич,12015,True,119565,Chademo,80,1,FREE,,18
2026-09-02 00:49:05,Дрогобич,12015,True,119566,CCS2,80,1,FREE,,19
2026-09-02 00:49:05,Дрогобич,12015,True,119567,GBT DC,80,1,FREE,,19
2026-09-02 00:49:05,Дрогобич,12015,True,119568,Type2,22,1,FREE,,17
2026-09-02 01:15:47,Ралівка,12095,True,119867,Chademo,80,3,FINISHING,85,16
2026-09-02 01:15:47,Ралівка,12095,True,119868,CCS2,120,1,FREE,,16
2026-09-02 01:15:47,Ралівка,12095,True,119869,GBT DC,120,1,FREE,,16
2026-09-02 01:15:47,Ралівка,12095,True,119870,Type2,22,1,FREE,,13
2026-09-02 01:15:47,Турка,30663,True,129119,Chademo,40,1,FREE,,24.49
2026-09-02 01:15:47,Турка,30663,True,129120,CCS2,40,1,FREE,,24.49
2026-09-02 01:15:47,Турка,30663,True,129121,Type2,22,4,OTHER/OFFLINE,,20.99
2026-09-02 01:15:47,Турка,30663,True,129122,Type1,7,4,OTHER/OFFLINE,,20.99
2026-09-02 01:15:47,Дрогобич,12015,True,119565,Chademo,80,1,FREE,,18
2026-09-02 01:15:47,Дрогобич,12015,True,119566,CCS2,80,1,FREE,,19
2026-09-02 01:15:47,Дрогобич,12015,True,119567,GBT DC,80,1,FREE,,19
2026-09-02 01:15:47,Дрогобич,12015,True,119568,Type2,22,1,FREE,,17
2026-09-02 05:27:17,Ралівка,12095,True,119867,Chademo,80,1,FREE,,16
2026-09-02 05:27:17,Ралівка,12095,True,119868,CCS2,120,1,FREE,,16
2026-09-02 05:27:17,Ралівка,12095,True,119869,GBT DC,120,1,FREE,,16
2026-09-02 05:27:17,Ралівка,12095,True,119870,Type2,22,1,FREE,,13
2026-09-02 05:27:17,Турка,30663,True,129119,Chademo,40,1,FREE,,24.49
2026-09-02 05:27:17,Турка,30663,True,129120,CCS2,40,1,FREE,,24.49
2026-09-02 05:27:17,Турка,30663,True,129121,Type2,22,4,OTHER/OFFLINE,,20.99
2026-09-02 05:27:17,Турка,30663,True,129122,Type1,7,4,OTHER/OFFLINE,,20.99
2026-09-02 05:27:17,Дрогобич,12015,True,119565,Chademo,80,1,FREE,,18
2026-09-02 05:27:17,Дрогобич,12015,True,119566,CCS2,80,1,FREE,,19
2026-09-02 05:27:17,Дрогобич,12015,True,119567,GBT DC,80,1,FREE,,19
2026-09-02 05:27:17,Дрогобич,12015,True,119568,Type2,22,1,FREE,,17
2026-09-02 05:55:43,Ралівка,12095,True,119867,Chademo,80,1,FREE,,16
2026-09-02 05:55:43,Ралівка,12095,True,119868,CCS2,120,1,FREE,,16
2026-09-02 05:55:43,Ралівка,12095,True,119869,GBT DC,120,1,FREE,,16
2026-09-02 05:55:43,Ралівка,12095,True,119870,Type2,22,1,FREE,,13
2026-09-02 05:55:43,Турка,30663,True,129119,Chademo,40,1,FREE,,24.49
2026-09-02 05:55:43,Турка,30663,True,129120,CCS2,40,1,FREE,,24.49
2026-09-02 05:55:43,Турка,30663,True,129121,Type2,22,4,OTHER/OFFLINE,,20.99
2026-09-02 05:55:43,Турка,30663,True,129122,Type1,7,4,OTHER/OFFLINE,,20.99
2026-09-02 05:55:43,Дрогобич,12015,True,119565,Chademo,80,1,FREE,,18
2026-09-02 05:55:43,Дрогобич,12015,True,119566,CCS2,80,1,FREE,,19
2026-09-02 05:55:43,Дрогобич,12015,True,119567,GBT DC,80,1,FREE,,19
2026-09-02 05:55:43,Дрогобич,12015,True,119568,Type2,22,1,FREE,,17
2026-09-02 10:40:22,Ралівка,12095,True,119867,Chademo,80,1,FREE,,16
2026-09-02 10:40:22,Ралівка,12095,True,119868,CCS2,120,1,FREE,,16
2026-09-02 10:40:22,Ралівка,12095,True,119869,GBT DC,120,1,FREE,,16
2026-09-02 10:40:22,Ралівка,12095,True,119870,Type2,22,1,FREE,,13
2026-09-02 10:40:22,Турка,30663,True,129119,Chademo,40,3,FINISHING,,24.49
2026-09-02 10:40:22,Турка,30663,True,129120,CCS2,40,4,OTHER/OFFLINE,,24.49
2026-09-02 10:40:22,Турка,30663,True,129121,Type2,22,4,OTHER/OFFLINE,,20.99
2026-09-02 10:40:22,Турка,30663,True,129122,Type1,7,4,OTHER/OFFLINE,,20.99
2026-09-02 10:40:22,Дрогобич,12015,True,119565,Chademo,80,3,FINISHING,54,18
2026-09-02 10:40:22,Дрогобич,12015,True,119566,CCS2,80,4,OTHER/OFFLINE,,19
2026-09-02 10:40:22,Дрогобич,12015,True,119567,GBT DC,80,4,OTHER/OFFLINE,,19
2026-09-02 10:40:22,Дрогобич,12015,True,119568,Type2,22,1,FREE,,17
2026-09-02 11:01:29,Ралівка,12095,True,119867,Chademo,80,1,FREE,,16
2026-09-02 11:01:29,Ралівка,12095,True,119868,CCS2,120,1,FREE,,16
2026-09-02 11:01:29,Ралівка,12095,True,119869,GBT DC,120,1,FREE,,16
2026-09-02 11:01:29,Ралівка,12095,True,119870,Type2,22,1,FREE,,13
2026-09-02 11:01:29,Турка,30663,True,129119,Chademo,40,3,FINISHING,,24.49
2026-09-02 11:01:29,Турка,30663,True,129120,CCS2,40,4,OTHER/OFFLINE,,24.49
2026-09-02 11:01:29,Турка,30663,True,129121,Type2,22,4,OTHER/OFFLINE,,20.99
2026-09-02 11:01:29,Турка,30663,True,129122,Type1,7,4,OTHER/OFFLINE,,20.99
2026-09-02 11:01:29,Дрогобич,12015,True,119565,Chademo,80,4,OTHER/OFFLINE,,18
2026-09-02 11:01:29,Дрогобич,12015,True,119566,CCS2,80,3,FINISHING,44,19
2026-09-02 11:01:29,Дрогобич,12015,True,119567,GBT DC,80,4,OTHER/OFFLINE,,19
2026-09-02 11:01:29,Дрогобич,12015,True,119568,Type2,22,1,FREE,,17
2026-09-02 14:58:23,Ралівка,12095,True,119867,Chademo,80,1,FREE,,16
2026-09-02 14:58:23,Ралівка,12095,True,119868,CCS2,120,1,FREE,,16
2026-09-02 14:58:23,Ралівка,12095,True,119869,GBT DC,120,1,FREE,,16
2026-09-02 14:58:23,Ралівка,12095,True,119870,Type2,22,1,FREE,,13
2026-09-02 14:58:23,Турка,30663,True,129119,Chademo,40,1,FREE,,24.49
2026-09-02 14:58:23,Турка,30663,True,129120,CCS2,40,1,FREE,,24.49
2026-09-02 14:58:23,Турка,30663,True,129121,Type2,22,4,OTHER/OFFLINE,,20.99
2026-09-02 14:58:23,Турка,30663,True,129122,Type1,7,4,OTHER/OFFLINE,,20.99
2026-09-02 14:58:23,Дрогобич,12015,True,119565,Chademo,80,1,FREE,,18
2026-09-02 14:58:23,Дрогобич,12015,True,119566,CCS2,80,1,FREE,,19
2026-09-02 14:58:23,Дрогобич,12015,True,119567,GBT DC,80,1,FREE,,19
2026-09-02 14:58:23,Дрогобич,12015,True,119568,Type2,22,1,FREE,,17
2026-09-02 15:04:04,Ралівка,12095,True,119867,Chademo,80,1,FREE,,16
2026-09-02 15:04:04,Ралівка,12095,True,119868,CCS2,120,1,FREE,,16
2026-09-02 15:04:04,Ралівка,12095,True,119869,GBT DC,120,1,FREE,,16
2026-09-02 15:04:04,Ралівка,12095,True,119870,Type2,22,1,FREE,,13
2026-09-02 15:04:04,Турка,30663,True,129119,Chademo,40,1,FREE,,24.49
2026-09-02 15:04:04,Турка,30663,True,129120,CCS2,40,1,FREE,,24.49
2026-09-02 15:04:04,Турка,30663,True,129121,Type2,22,4,OTHER/OFFLINE,,20.99
2026-09-02 15:04:04,Турка,30663,True,129122,Type1,7,4,OTHER/OFFLINE,,20.99
2026-09-02 15:04:04,Дрогобич,12015,True,119565,Chademo,80,1,FREE,,18
2026-09-02 15:04:04,Дрогобич,12015,True,119566,CCS2,80,1,FREE,,19
2026-09-02 15:04:04,Дрогобич,12015,True,119567,GBT DC,80,1,FREE,,19
2026-09-02 15:04:04,Дрогобич,12015,True,119568,Type2,22,1,FREE,,17
2026-09-02 18:25:53,Ралівка,12095,True,119867,Chademo,80,1,FREE,,16
2026-09-02 18:25:53,Ралівка,12095,True,119868,CCS2,120,1,FREE,,16
2026-09-02 18:25:53,Ралівка,12095,True,119869,GBT DC,120,1,FREE,,16
2026-09-02 18:25:53,Ралівка,12095,True,119870,Type2,22,1,FREE,,13
2026-09-02 18:25:53,Турка,30663,True,129119,Chademo,40,1,FREE,,24.49
2026-09-02 18:25:53,Турка,30663,True,129120,CCS2,40,1,FREE,,24.49
2026-09-02 18:25:53,Турка,30663,True,129121,Type2,22,4,OTHER/OFFLINE,,20.99
2026-09-02 18:25:53,Турка,30663,True,129122,Type1,7,4,OTHER/OFFLINE,,20.99
2026-09-02 18:25:53,Дрогобич,12015,True,119565,Chademo,80,1,FREE,,18
2026-09-02 18:25:53,Дрогобич,12015,True,119566,CCS2,80,1,FREE,,19
2026-09-02 18:25:53,Дрогобич,12015,True,119567,GBT DC,80,1,FREE,,19
2026-09-02 18:25:53,Дрогобич,12015,True,119568,Type2,22,1,FREE,,17
2026-09-02 18:38:29,Ралівка,12095,True,119867,Chademo,80,1,FREE,,16
2026-09-02 18:38:29,Ралівка,12095,True,119868,CCS2,120,1,FREE,,16
2026-09-02 18:38:29,Ралівка,12095,True,119869,GBT DC,120,1,FREE,,16
2026-09-02 18:38:29,Ралівка,12095,True,119870,Type2,22,1,FREE,,13
2026-09-02 18:38:29,Турка,30663,True,129119,Chademo,40,1,FREE,,24.49
2026-09-02 18:38:29,Турка,30663,True,129120,CCS2,40,1,FREE,,24.49
2026-09-02 18:38:29,Турка,30663,True,129121,Type2,22,4,OTHER/OFFLINE,,20.99
2026-09-02 18:38:29,Турка,30663,True,129122,Type1,7,4,OTHER/OFFLINE,,20.99
2026-09-02 18:38:29,Дрогобич,12015,True,119565,Chademo,80,1,FREE,,18
2026-09-02 18:38:29,Дрогобич,12015,True,119566,CCS2,80,1,FREE,,19
2026-09-02 18:38:29,Дрогобич,12015,True,119567,GBT DC,80,1,FREE,,19
2026-09-02 18:38:29,Дрогобич,12015,True,119568,Type2,22,1,FREE,,17
2026-09-02 21:18:24,Ралівка,12095,True,119867,Chademo,80,1,FREE,,16
2026-09-02 21:18:24,Ралівка,12095,True,119868,CCS2,120,3,FINISHING,25,16
2026-09-02 21:18:24,Ралівка,12095,True,119869,GBT DC,120,1,FREE,,16
2026-09-02 21:18:24,Ралівка,12095,True,119870,Type2,22,1,FREE,,13
2026-09-02 21:18:24,Турка,30663,True,129119,Chademo,40,1,FREE,,24.49
2026-09-02 21:18:24,Турка,30663,True,129120,CCS2,40,1,FREE,,24.49
2026-09-02 21:18:24,Турка,30663,True,129121,Type2,22,4,OTHER/OFFLINE,,20.99
2026-09-02 21:18:24,Турка,30663,True,129122,Type1,7,4,OTHER/OFFLINE,,20.99
2026-09-02 21:18:24,Дрогобич,12015,False,119565,Chademo,80,2,CHARGING,,18
2026-09-02 21:18:24,Дрогобич,12015,False,119566,CCS2,80,2,CHARGING,,19
2026-09-02 21:18:24,Дрогобич,12015,False,119567,GBT DC,80,2,CHARGING,,19
2026-09-02 21:18:24,Дрогобич,12015,False,119568,Type2,22,2,CHARGING,,17
2026-09-02 21:36:04,Ралівка,12095,True,119867,Chademo,80,1,FREE,,16
2026-09-02 21:36:04,Ралівка,12095,True,119868,CCS2,120,1,FREE,,16
2026-09-02 21:36:04,Ралівка,12095,True,119869,GBT DC,120,1,FREE,,16
2026-09-02 21:36:04,Ралівка,12095,True,119870,Type2,22,1,FREE,,13
2026-09-02 21:36:04,Турка,30663,True,129119,Chademo,40,1,FREE,,24.49
2026-09-02 21:36:04,Турка,30663,True,129120,CCS2,40,1,FREE,,24.49
2026-09-02 21:36:04,Турка,30663,True,129121,Type2,22,4,OTHER/OFFLINE,,20.99
2026-09-02 21:36:04,Турка,30663,True,129122,Type1,7,4,OTHER/OFFLINE,,20.99
2026-09-02 21:36:04,Дрогобич,12015,False,119565,Chademo,80,2,CHARGING,,18
2026-09-02 21:36:04,Дрогобич,12015,False,119566,CCS2,80,2,CHARGING,,19
2026-09-02 21:36:04,Дрогобич,12015,False,119567,GBT DC,80,2,CHARGING,,19
2026-09-02 21:36:04,Дрогобич,12015,False,119568,Type2,22,2,CHARGING,,17
2026-09-02 23:23:57,Ралівка,12095,True,119867,Chademo,80,1,FREE,,16
2026-09-02 23:23:57,Ралівка,12095,True,119868,CCS2,120,1,FREE,,16
2026-09-02 23:23:57,Ралівка,12095,True,119869,GBT DC,120,1,FREE,,16
2026-09-02 23:23:57,Ралівка,12095,True,119870,Type2,22,1,FREE,,13
2026-09-02 23:23:57,Турка,30663,True,129119,Chademo,40,1,FREE,,24.49
2026-09-02 23:23:57,Турка,30663,True,129120,CCS2,40,1,FREE,,24.49
2026-09-02 23:23:57,Турка,30663,True,129121,Type2,22,4,OTHER/OFFLINE,,20.99
2026-09-02 23:23:57,Турка,30663,True,129122,Type1,7,4,OTHER/OFFLINE,,20.99
2026-09-02 23:23:57,Дрогобич,12015,True,119565,Chademo,80,1,FREE,,18
2026-09-02 23:23:57,Дрогобич,12015,True,119566,CCS2,80,1,FREE,,19
2026-09-02 23:23:57,Дрогобич,12015,True,119567,GBT DC,80,1,FREE,,19
2026-09-02 23:23:57,Дрогобич,12015,True,119568,Type2,22,1,FREE,,17
2026-09-02 23:51:32,Ралівка,12095,True,119867,Chademo,80,1,FREE,,16
2026-09-02 23:51:32,Ралівка,12095,True,119868,CCS2,120,1,FREE,,16
2026-09-02 23:51:32,Ралівка,12095,True,119869,GBT DC,120,1,FREE,,16
2026-09-02 23:51:32,Ралівка,12095,True,119870,Type2,22,1,FREE,,13
2026-09-02 23:51:32,Турка,30663,True,129119,Chademo,40,1,FREE,,24.49
2026-09-02 23:51:32,Турка,30663,True,129120,CCS2,40,1,FREE,,24.49
2026-09-02 23:51:32,Турка,30663,True,129121,Type2,22,4,OTHER/OFFLINE,,20.99
2026-09-02 23:51:32,Турка,30663,True,129122,Type1,7,4,OTHER/OFFLINE,,20.99
2026-09-02 23:51:32,Дрогобич,12015,True,119565,Chademo,80,1,FREE,,18
2026-09-02 23:51:32,Дрогобич,12015,True,119566,CCS2,80,1,FREE,,19
2026-09-02 23:51:32,Дрогобич,12015,True,119567,GBT DC,80,1,FREE,,19
2026-09-02 23:51:32,Дрогобич,12015,True,119568,Type2,22,1,FREE,,17
2026-09-03 01:18:32,Ралівка,12095,True,119867,Chademo,80,1,FREE,,16
2026-09-03 01:18:32,Ралівка,12095,True,119868,CCS2,120,1,FREE,,16
2026-09-03 01:18:32,Ралівка,12095,True,119869,GBT DC,120,1,FREE,,16
2026-09-03 01:18:32,Ралівка,12095,True,119870,Type2,22,1,FREE,,13
2026-09-03 01:18:32,Турка,30663,True,129119,Chademo,40,1,FREE,,24.49
2026-09-03 01:18:32,Турка,30663,True,129120,CCS2,40,1,FREE,,24.49
2026-09-03 01:18:32,Турка,30663,True,129121,Type2,22,4,OTHER/OFFLINE,,20.99
2026-09-03 01:18:32,Турка,30663,True,129122,Type1,7,4,OTHER/OFFLINE,,20.99
2026-09-03 01:18:32,Дрогобич,12015,True,119565,Chademo,80,1,FREE,,18
2026-09-03 01:18:32,Дрогобич,12015,True,119566,CCS2,80,1,FREE,,19
2026-09-03 01:18:32,Дрогобич,12015,True,119567,GBT DC,80,1,FREE,,19
2026-09-03 01:18:32,Дрогобич,12015,True,119568,Type2,22,1,FREE,,17
2026-09-03 03:02:07,Ралівка,12095,True,119867,Chademo,80,1,FREE,,16
2026-09-03 03:02:07,Ралівка,12095,True,119868,CCS2,120,1,FREE,,16
2026-09-03 03:02:07,Ралівка,12095,True,119869,GBT DC,120,1,FREE,,16
2026-09-03 03:02:07,Ралівка,12095,True,119870,Type2,22,1,FREE,,13
2026-09-03 03:02:07,Турка,30663,True,129119,Chademo,40,1,FREE,,24.49
2026-09-03 03:02:07,Турка,30663,True,129120,CCS2,40,1,FREE,,24.49
2026-09-03 03:02:07,Турка,30663,True,129121,Type2,22,4,OTHER/OFFLINE,,20.99
2026-09-03 03:02:07,Турка,30663,True,129122,Type1,7,4,OTHER/OFFLINE,,20.99
2026-09-03 03:02:07,Дрогобич,12015,True,119565,Chademo,80,1,FREE,,18
2026-09-03 03:02:07,Дрогобич,12015,True,119566,CCS2,80,1,FREE,,19
2026-09-03 03:02:07,Дрогобич,12015,True,119567,GBT DC,80,1,FREE,,19
2026-09-03 03:02:07,Дрогобич,12015,True,119568,Type2,22,1,FREE,,17
2026-09-03 05:56:39,Ралівка,12095,True,119867,Chademo,80,3,FINISHING,73,16
2026-09-03 05:56:39,Ралівка,12095,True,119868,CCS2,120,1,FREE,,16
2026-09-03 05:56:39,Ралівка,12095,True,119869,GBT DC,120,1,FREE,,16
2026-09-03 05:56:39,Ралівка,12095,True,119870,Type2,22,1,FREE,,13
2026-09-03 05:56:39,Турка,30663,True,129119,Chademo,40,1,FREE,,24.49
2026-09-03 05:56:39,Турка,30663,True,129120,CCS2,40,1,FREE,,24.49
2026-09-03 05:56:39,Турка,30663,True,129121,Type2,22,4,OTHER/OFFLINE,,20.99
2026-09-03 05:56:39,Турка,30663,True,129122,Type1,7,4,OTHER/OFFLINE,,20.99
2026-09-03 05:56:39,Дрогобич,12015,True,119565,Chademo,80,1,FREE,,18
2026-09-03 05:56:39,Дрогобич,12015,True,119566,CCS2,80,1,FREE,,19
2026-09-03 05:56:39,Дрогобич,12015,True,119567,GBT DC,80,1,FREE,,19
2026-09-03 05:56:39,Дрогобич,12015,True,119568,Type2,22,1,FREE,,17
2026-09-03 07:53:22,Ралівка,12095,False,119867,Chademo,80,2,CHARGING,,16
2026-09-03 07:53:22,Ралівка,12095,False,119868,CCS2,120,2,CHARGING,,16
2026-09-03 07:53:22,Ралівка,12095,False,119869,GBT DC,120,2,CHARGING,,16
2026-09-03 07:53:22,Ралівка,12095,False,119870,Type2,22,2,CHARGING,,13
2026-09-03 07:53:22,Турка,30663,True,129119,Chademo,40,1,FREE,,24.49
2026-09-03 07:53:22,Турка,30663,True,129120,CCS2,40,1,FREE,,24.49
2026-09-03 07:53:22,Турка,30663,True,129121,Type2,22,4,OTHER/OFFLINE,,20.99
2026-09-03 07:53:22,Турка,30663,True,129122,Type1,7,4,OTHER/OFFLINE,,20.99
2026-09-03 07:53:22,Дрогобич,12015,True,119565,Chademo,80,1,FREE,,18
2026-09-03 07:53:22,Дрогобич,12015,True,119566,CCS2,80,1,FREE,,19
2026-09-03 07:53:22,Дрогобич,12015,True,119567,GBT DC,80,1,FREE,,19
2026-09-03 07:53:22,Дрогобич,12015,True,119568,Type2,22,3,FINISHING,,17
2026-09-03 11:04:54,Ралівка,12095,True,119867,Chademo,80,1,FREE,,16
2026-09-03 11:04:54,Ралівка,12095,True,119868,CCS2,120,1,FREE,,16
2026-09-03 11:04:54,Ралівка,12095,True,119869,GBT DC,120,1,FREE,,16
2026-09-03 11:04:54,Ралівка,12095,True,119870,Type2,22,1,FREE,,13
2026-09-03 11:04:54,Турка,30663,True,129119,Chademo,40,1,FREE,,24.49
2026-09-03 11:04:54,Турка,30663,True,129120,CCS2,40,1,FREE,,24.49
2026-09-03 11:04:54,Турка,30663,True,129121,Type2,22,4,OTHER/OFFLINE,,20.99
2026-09-03 11:04:54,Турка,30663,True,129122,Type1,7,4,OTHER/OFFLINE,,20.99
2026-09-03 11:04:54,Дрогобич,12015,True,119565,Chademo,80,1,FREE,,18
2026-09-03 11:04:54,Дрогобич,12015,True,119566,CCS2,80,1,FREE,,19
2026-09-03 11:04:54,Дрогобич,12015,True,119567,GBT DC,80,1,FREE,,19
2026-09-03 11:04:54,Дрогобич,12015,True,119568,Type2,22,1,FREE,,17
2026-09-03 12:36:56,Ралівка,12095,True,119867,Chademo,80,3,FINISHING,52,16
2026-09-03 12:36:56,Ралівка,12095,True,119868,CCS2,120,1,FREE,,16
2026-09-03 12:36:56,Ралівка,12095,True,119869,GBT DC,120,1,FREE,,16
2026-09-03 12:36:56,Ралівка,12095,True,119870,Type2,22,1,FREE,,13
2026-09-03 12:36:56,Турка,30663,True,129119,Chademo,40,1,FREE,,24.49
2026-09-03 12:36:56,Турка,30663,True,129120,CCS2,40,1,FREE,,24.49
2026-09-03 12:36:56,Турка,30663,True,129121,Type2,22,4,OTHER/OFFLINE,,20.99
2026-09-03 12:36:56,Турка,30663,True,129122,Type1,7,4,OTHER/OFFLINE,,20.99
2026-09-03 12:36:56,Дрогобич,12015,True,119565,Chademo,80,1,FREE,,18
2026-09-03 12:36:56,Дрогобич,12015,True,119566,CCS2,80,1,FREE,,19
2026-09-03 12:36:56,Дрогобич,12015,True,119567,GBT DC,80,1,FREE,,19
2026-09-03 12:36:56,Дрогобич,12015,True,119568,Type2,22,1,FREE,,17
2026-09-03 14:58:19,Ралівка,12095,True,119867,Chademo,80,1,FREE,,16
2026-09-03 14:58:19,Ралівка,12095,True,119868,CCS2,120,1,FREE,,16
2026-09-03 14:58:19,Ралівка,12095,True,119869,GBT DC,120,1,FREE,,16
2026-09-03 14:58:19,Ралівка,12095,True,119870,Type2,22,1,FREE,,13
2026-09-03 14:58:19,Турка,30663,True,129119,Chademo,40,1,FREE,,24.49
2026-09-03 14:58:19,Турка,30663,True,129120,CCS2,40,1,FREE,,24.49
2026-09-03 14:58:19,Турка,30663,True,129121,Type2,22,4,OTHER/OFFLINE,,20.99
2026-09-03 14:58:19,Турка,30663,True,129122,Type1,7,4,OTHER/OFFLINE,,20.99
2026-09-03 14:58:19,Дрогобич,12015,True,119565,Chademo,80,4,OTHER/OFFLINE,,18
2026-09-03 14:58:19,Дрогобич,12015,True,119566,CCS2,80,3,FINISHING,55,19
2026-09-03 14:58:19,Дрогобич,12015,True,119567,GBT DC,80,4,OTHER/OFFLINE,,19
2026-09-03 14:58:19,Дрогобич,12015,True,119568,Type2,22,1,FREE,,17
2026-09-03 16:56:07,Ралівка,12095,True,119867,Chademo,80,1,FREE,,16
2026-09-03 16:56:07,Ралівка,12095,True,119868,CCS2,120,3,FINISHING,37,16
2026-09-03 16:56:07,Ралівка,12095,True,119869,GBT DC,120,1,FREE,,16
2026-09-03 16:56:07,Ралівка,12095,True,119870,Type2,22,1,FREE,,13
2026-09-03 16:56:07,Турка,30663,True,129119,Chademo,40,1,FREE,,24.49
2026-09-03 16:56:07,Турка,30663,True,129120,CCS2,40,1,FREE,,24.49
2026-09-03 16:56:07,Турка,30663,True,129121,Type2,22,4,OTHER/OFFLINE,,20.99
2026-09-03 16:56:07,Турка,30663,True,129122,Type1,7,4,OTHER/OFFLINE,,20.99
2026-09-03 16:56:07,Дрогобич,12015,True,119565,Chademo,80,1,FREE,,18
2026-09-03 16:56:07,Дрогобич,12015,True,119566,CCS2,80,1,FREE,,19
2026-09-03 16:56:07,Дрогобич,12015,True,119567,GBT DC,80,1,FREE,,19
2026-09-03 16:56:07,Дрогобич,12015,True,119568,Type2,22,1,FREE,,17
2026-09-03 18:31:56,Ралівка,12095,True,119867,Chademo,80,1,FREE,,16
2026-09-03 18:31:56,Ралівка,12095,True,119868,CCS2,120,1,FREE,,16
2026-09-03 18:31:56,Ралівка,12095,True,119869,GBT DC,120,4,OTHER/OFFLINE,,16
2026-09-03 18:31:56,Ралівка,12095,True,119870,Type2,22,1,FREE,,13
2026-09-03 18:31:56,Турка,30663,True,129119,Chademo,40,1,FREE,,24.49
2026-09-03 18:31:56,Турка,30663,True,129120,CCS2,40,1,FREE,,24.49
2026-09-03 18:31:56,Турка,30663,True,129121,Type2,22,4,OTHER/OFFLINE,,20.99
2026-09-03 18:31:56,Турка,30663,True,129122,Type1,7,4,OTHER/OFFLINE,,20.99
2026-09-03 18:31:56,Дрогобич,12015,True,119565,Chademo,80,4,OTHER/OFFLINE,,18
2026-09-03 18:31:56,Дрогобич,12015,True,119566,CCS2,80,3,FINISHING,44,19
2026-09-03 18:31:56,Дрогобич,12015,True,119567,GBT DC,80,4,OTHER/OFFLINE,,19
2026-09-03 18:31:56,Дрогобич,12015,True,119568,Type2,22,1,FREE,,17
2026-09-03 19:39:07,Ралівка,12095,True,119867,Chademo,80,1,FREE,,16
2026-09-03 19:39:07,Ралівка,12095,True,119868,CCS2,120,1,FREE,,16
2026-09-03 19:39:07,Ралівка,12095,True,119869,GBT DC,120,1,FREE,,16
2026-09-03 19:39:07,Ралівка,12095,True,119870,Type2,22,1,FREE,,13
2026-09-03 19:39:07,Турка,30663,True,129119,Chademo,40,1,FREE,,24.49
2026-09-03 19:39:07,Турка,30663,True,129120,CCS2,40,1,FREE,,24.49
2026-09-03 19:39:07,Турка,30663,True,129121,Type2,22,4,OTHER/OFFLINE,,20.99
2026-09-03 19:39:07,Турка,30663,True,129122,Type1,7,4,OTHER/OFFLINE,,20.99
2026-09-03 19:39:07,Дрогобич,12015,True,119565,Chademo,80,4,OTHER/OFFLINE,,18
2026-09-03 19:39:07,Дрогобич,12015,True,119566,CCS2,80,3,FINISHING,41,19
2026-09-03 19:39:07,Дрогобич,12015,True,119567,GBT DC,80,4,OTHER/OFFLINE,,19
2026-09-03 19:39:07,Дрогобич,12015,True,119568,Type2,22,1,FREE,,17
2026-09-03 21:18:20,Ралівка,12095,True,119867,Chademo,80,1,FREE,,16
2026-09-03 21:18:20,Ралівка,12095,True,119868,CCS2,120,1,FREE,,16
2026-09-03 21:18:20,Ралівка,12095,True,119869,GBT DC,120,1,FREE,,16
2026-09-03 21:18:20,Ралівка,12095,True,119870,Type2,22,1,FREE,,13
2026-09-03 21:18:20,Турка,30663,True,129119,Chademo,40,1,FREE,,24.49
2026-09-03 21:18:20,Турка,30663,True,129120,CCS2,40,1,FREE,,24.49
2026-09-03 21:18:20,Турка,30663,True,129121,Type2,22,4,OTHER/OFFLINE,,20.99
2026-09-03 21:18:20,Турка,30663,True,129122,Type1,7,4,OTHER/OFFLINE,,20.99
2026-09-03 21:18:20,Дрогобич,12015,True,119565,Chademo,80,1,FREE,,18
2026-09-03 21:18:20,Дрогобич,12015,True,119566,CCS2,80,1,FREE,,19
2026-09-03 21:18:20,Дрогобич,12015,True,119567,GBT DC,80,1,FREE,,19
2026-09-03 21:18:20,Дрогобич,12015,True,119568,Type2,22,1,FREE,,17
2026-09-03 22:17:35,Ралівка,12095,True,119867,Chademo,80,1,FREE,,16
2026-09-03 22:17:35,Ралівка,12095,True,119868,CCS2,120,1,FREE,,16
2026-09-03 22:17:35,Ралівка,12095,True,119869,GBT DC,120,1,FREE,,16
2026-09-03 22:17:35,Ралівка,12095,True,119870,Type2,22,1,FREE,,13
2026-09-03 22:17:35,Турка,30663,True,129119,Chademo,40,1,FREE,,24.49
2026-09-03 22:17:35,Турка,30663,True,129120,CCS2,40,1,FREE,,24.49
2026-09-03 22:17:35,Турка,30663,True,129121,Type2,22,4,OTHER/OFFLINE,,20.99
2026-09-03 22:17:35,Турка,30663,True,129122,Type1,7,4,OTHER/OFFLINE,,20.99
2026-09-03 22:17:35,Дрогобич,12015,True,119565,Chademo,80,1,FREE,,18
2026-09-03 22:17:35,Дрогобич,12015,True,119566,CCS2,80,1,FREE,,19
2026-09-03 22:17:35,Дрогобич,12015,True,119567,GBT DC,80,1,FREE,,19
2026-09-03 22:17:35,Дрогобич,12015,True,119568,Type2,22,1,FREE,,17
2026-09-03 23:20:57,Ралівка,12095,True,119867,Chademo,80,1,FREE,,16
2026-09-03 23:20:57,Ралівка,12095,True,119868,CCS2,120,1,FREE,,16
2026-09-03 23:20:57,Ралівка,12095,True,119869,GBT DC,120,1,FREE,,16
2026-09-03 23:20:57,Ралівка,12095,True,119870,Type2,22,1,FREE,,13
2026-09-03 23:20:57,Турка,30663,True,129119,Chademo,40,1,FREE,,24.49
2026-09-03 23:20:57,Турка,30663,True,129120,CCS2,40,1,FREE,,24.49
2026-09-03 23:20:57,Турка,30663,True,129121,Type2,22,4,OTHER/OFFLINE,,20.99
2026-09-03 23:20:57,Турка,30663,True,129122,Type1,7,4,OTHER/OFFLINE,,20.99
2026-09-03 23:20:57,Дрогобич,12015,True,119565,Chademo,80,1,FREE,,18
2026-09-03 23:20:57,Дрогобич,12015,True,119566,CCS2,80,1,FREE,,19
2026-09-03 23:20:57,Дрогобич,12015,True,119567,GBT DC,80,1,FREE,,19
2026-09-03 23:20:57,Дрогобич,12015,True,119568,Type2,22,1,FREE,,17
2026-09-04 00:46:56,Ралівка,12095,True,119867,Chademo,80,1,FREE,,16
2026-09-04 00:46:56,Ралівка,12095,True,119868,CCS2,120,1,FREE,,16
2026-09-04 00:46:56,Ралівка,12095,True,119869,GBT DC,120,1,FREE,,16
2026-09-04 00:46:56,Ралівка,12095,True,119870,Type2,22,1,FREE,,13
2026-09-04 00:46:56,Турка,30663,True,129119,Chademo,40,1,FREE,,24.49
2026-09-04 00:46:56,Турка,30663,True,129120,CCS2,40,1,FREE,,24.49
2026-09-04 00:46:56,Турка,30663,True,129121,Type2,22,4,OTHER/OFFLINE,,20.99
2026-09-04 00:46:56,Турка,30663,True,129122,Type1,7,4,OTHER/OFFLINE,,20.99
2026-09-04 00:46:56,Дрогобич,12015,True,119565,Chademo,80,1,FREE,,18
2026-09-04 00:46:56,Дрогобич,12015,True,119566,CCS2,80,1,FREE,,19
2026-09-04 00:46:56,Дрогобич,12015,True,119567,GBT DC,80,1,FREE,,19
2026-09-04 00:46:56,Дрогобич,12015,True,119568,Type2,22,1,FREE,,17
2026-09-04 01:07:29,Ралівка,12095,True,119867,Chademo,80,1,FREE,,16
2026-09-04 01:07:29,Ралівка,12095,True,119868,CCS2,120,1,FREE,,16
2026-09-04 01:07:29,Ралівка,12095,True,119869,GBT DC,120,1,FREE,,16
2026-09-04 01:07:29,Ралівка,12095,True,119870,Type2,22,1,FREE,,13
2026-09-04 01:07:29,Турка,30663,True,129119,Chademo,40,1,FREE,,24.49
2026-09-04 01:07:29,Турка,30663,True,129120,CCS2,40,1,FREE,,24.49
2026-09-04 01:07:29,Турка,30663,True,129121,Type2,22,4,OTHER/OFFLINE,,20.99
2026-09-04 01:07:29,Турка,30663,True,129122,Type1,7,4,OTHER/OFFLINE,,20.99
2026-09-04 01:07:29,Дрогобич,12015,True,119565,Chademo,80,1,FREE,,18
2026-09-04 01:07:29,Дрогобич,12015,True,119566,CCS2,80,1,FREE,,19
2026-09-04 01:07:29,Дрогобич,12015,True,119567,GBT DC,80,1,FREE,,19
2026-09-04 01:07:29,Дрогобич,12015,True,119568,Type2,22,1,FREE,,17
2026-09-04 05:31:11,Ралівка,12095,False,119867,Chademo,80,2,CHARGING,,16
2026-09-04 05:31:11,Ралівка,12095,False,119868,CCS2,120,2,CHARGING,,16
2026-09-04 05:31:11,Ралівка,12095,False,119869,GBT DC,120,2,CHARGING,,16
2026-09-04 05:31:11,Ралівка,12095,False,119870,Type2,22,2,CHARGING,,13
2026-09-04 05:31:11,Турка,30663,True,129119,Chademo,40,1,FREE,,24.49
2026-09-04 05:31:11,Турка,30663,True,129120,CCS2,40,1,FREE,,24.49
2026-09-04 05:31:11,Турка,30663,True,129121,Type2,22,4,OTHER/OFFLINE,,20.99
2026-09-04 05:31:11,Турка,30663,True,129122,Type1,7,4,OTHER/OFFLINE,,20.99
2026-09-04 05:31:11,Дрогобич,12015,True,119565,Chademo,80,1,FREE,,18
2026-09-04 05:31:11,Дрогобич,12015,True,119566,CCS2,80,1,FREE,,19
2026-09-04 05:31:11,Дрогобич,12015,True,119567,GBT DC,80,1,FREE,,19
2026-09-04 05:31:11,Дрогобич,12015,True,119568,Type2,22,1,FREE,,17
2026-09-04 05:54:10,Ралівка,12095,True,119867,Chademo,80,1,FREE,,16
2026-09-04 05:54:10,Ралівка,12095,True,119868,CCS2,120,1,FREE,,16
2026-09-04 05:54:10,Ралівка,12095,True,119869,GBT DC,120,1,FREE,,16
2026-09-04 05:54:10,Ралівка,12095,True,119870,Type2,22,1,FREE,,13
2026-09-04 05:54:10,Турка,30663,True,129119,Chademo,40,1,FREE,,24.49
2026-09-04 05:54:10,Турка,30663,True,129120,CCS2,40,1,FREE,,24.49
2026-09-04 05:54:10,Турка,30663,True,129121,Type2,22,4,OTHER/OFFLINE,,20.99
2026-09-04 05:54:10,Турка,30663,True,129122,Type1,7,4,OTHER/OFFLINE,,20.99
2026-09-04 05:54:10,Дрогобич,12015,True,119565,Chademo,80,1,FREE,,18
2026-09-04 05:54:10,Дрогобич,12015,True,119566,CCS2,80,1,FREE,,19
2026-09-04 05:54:10,Дрогобич,12015,True,119567,GBT DC,80,1,FREE,,19
2026-09-04 05:54:10,Дрогобич,12015,True,119568,Type2,22,1,FREE,,17
2026-09-04 10:37:48,Ралівка,12095,True,119867,Chademo,80,1,FREE,,16
2026-09-04 10:37:48,Ралівка,12095,True,119868,CCS2,120,3,FINISHING,48,16
2026-09-04 10:37:48,Ралівка,12095,True,119869,GBT DC,120,1,FREE,,16
2026-09-04 10:37:48,Ралівка,12095,True,119870,Type2,22,1,FREE,,13
2026-09-04 10:37:48,Турка,30663,False,129119,Chademo,40,4,OTHER/OFFLINE,,24.49
2026-09-04 10:37:48,Турка,30663,False,129120,CCS2,40,4,OTHER/OFFLINE,,24.49
2026-09-04 10:37:48,Турка,30663,False,129121,Type2,22,4,OTHER/OFFLINE,,20.99
2026-09-04 10:37:48,Турка,30663,False,129122,Type1,7,4,OTHER/OFFLINE,,20.99
2026-09-04 10:37:48,Дрогобич,12015,True,119565,Chademo,80,3,FINISHING,53,18
2026-09-04 10:37:48,Дрогобич,12015,True,119566,CCS2,80,4,OTHER/OFFLINE,,19
2026-09-04 10:37:48,Дрогобич,12015,True,119567,GBT DC,80,4,OTHER/OFFLINE,,19
2026-09-04 10:37:48,Дрогобич,12015,True,119568,Type2,22,1,FREE,,17
2026-09-04 10:44:12,Ралівка,12095,True,119867,Chademo,80,1,FREE,,16
2026-09-04 10:44:12,Ралівка,12095,True,119868,CCS2,120,3,FINISHING,58,16
2026-09-04 10:44:12,Ралівка,12095,True,119869,GBT DC,120,1,FREE,,16
2026-09-04 10:44:12,Ралівка,12095,True,119870,Type2,22,1,FREE,,13
2026-09-04 10:44:12,Турка,30663,False,129119,Chademo,40,4,OTHER/OFFLINE,,24.49
2026-09-04 10:44:12,Турка,30663,False,129120,CCS2,40,4,OTHER/OFFLINE,,24.49
2026-09-04 10:44:12,Турка,30663,False,129121,Type2,22,4,OTHER/OFFLINE,,20.99
2026-09-04 10:44:12,Турка,30663,False,129122,Type1,7,4,OTHER/OFFLINE,,20.99
2026-09-04 10:44:12,Дрогобич,12015,True,119565,Chademo,80,1,FREE,,18
2026-09-04 10:44:12,Дрогобич,12015,True,119566,CCS2,80,1,FREE,,19
2026-09-04 10:44:12,Дрогобич,12015,True,119567,GBT DC,80,1,FREE,,19
2026-09-04 10:44:12,Дрогобич,12015,True,119568,Type2,22,1,FREE,,17
2026-09-04 14:34:56,Ралівка,12095,True,119867,Chademo,80,1,FREE,,16
2026-09-04 14:34:56,Ралівка,12095,True,119868,CCS2,120,1,FREE,,16
2026-09-04 14:34:56,Ралівка,12095,True,119869,GBT DC,120,1,FREE,,16
2026-09-04 14:34:56,Ралівка,12095,True,119870,Type2,22,1,FREE,,13
2026-09-04 14:34:56,Турка,30663,False,129119,Chademo,40,4,OTHER/OFFLINE,,24.49
2026-09-04 14:34:56,Турка,30663,False,129120,CCS2,40,4,OTHER/OFFLINE,,24.49
2026-09-04 14:34:56,Турка,30663,False,129121,Type2,22,4,OTHER/OFFLINE,,20.99
2026-09-04 14:34:56,Турка,30663,False,129122,Type1,7,4,OTHER/OFFLINE,,20.99
2026-09-04 14:34:56,Дрогобич,12015,True,119565,Chademo,80,1,FREE,,18
2026-09-04 14:34:56,Дрогобич,12015,True,119566,CCS2,80,1,FREE,,19
2026-09-04 14:34:56,Дрогобич,12015,True,119567,GBT DC,80,1,FREE,,19
2026-09-04 14:34:56,Дрогобич,12015,True,119568,Type2,22,1,FREE,,17
2026-09-04 14:47:25,Ралівка,12095,False,119867,Chademo,80,2,CHARGING,,16
2026-09-04 14:47:25,Ралівка,12095,False,119868,CCS2,120,2,CHARGING,,16
2026-09-04 14:47:25,Ралівка,12095,False,119869,GBT DC,120,2,CHARGING,,16
2026-09-04 14:47:25,Ралівка,12095,False,119870,Type2,22,2,CHARGING,,13
2026-09-04 14:47:25,Турка,30663,False,129119,Chademo,40,4,OTHER/OFFLINE,,24.49
2026-09-04 14:47:25,Турка,30663,False,129120,CCS2,40,4,OTHER/OFFLINE,,24.49
2026-09-04 14:47:25,Турка,30663,False,129121,Type2,22,4,OTHER/OFFLINE,,20.99
2026-09-04 14:47:25,Турка,30663,False,129122,Type1,7,4,OTHER/OFFLINE,,20.99
2026-09-04 14:47:25,Дрогобич,12015,True,119565,Chademo,80,1,FREE,,18
2026-09-04 14:47:25,Дрогобич,12015,True,119566,CCS2,80,1,FREE,,19
2026-09-04 14:47:25,Дрогобич,12015,True,119567,GBT DC,80,1,FREE,,19
2026-09-04 14:47:25,Дрогобич,12015,True,119568,Type2,22,1,FREE,,17
2026-09-04 17:47:13,Ралівка,12095,False,119867,Chademo,80,2,CHARGING,,16
2026-09-04 17:47:13,Ралівка,12095,False,119868,CCS2,120,2,CHARGING,,16
2026-09-04 17:47:13,Ралівка,12095,False,119869,GBT DC,120,2,CHARGING,,16
2026-09-04 17:47:13,Ралівка,12095,False,119870,Type2,22,2,CHARGING,,13
2026-09-04 17:47:13,Турка,30663,False,129119,Chademo,40,4,OTHER/OFFLINE,,24.49
2026-09-04 17:47:13,Турка,30663,False,129120,CCS2,40,4,OTHER/OFFLINE,,24.49
2026-09-04 17:47:13,Турка,30663,False,129121,Type2,22,4,OTHER/OFFLINE,,20.99
2026-09-04 17:47:13,Турка,30663,False,129122,Type1,7,4,OTHER/OFFLINE,,20.99
2026-09-04 17:47:13,Дрогобич,12015,True,119565,Chademo,80,1,FREE,,18
2026-09-04 17:47:13,Дрогобич,12015,True,119566,CCS2,80,1,FREE,,19
2026-09-04 17:47:13,Дрогобич,12015,True,119567,GBT DC,80,1,FREE,,19
2026-09-04 17:47:13,Дрогобич,12015,True,119568,Type2,22,1,FREE,,17
2026-09-04 18:06:14,Ралівка,12095,True,119867,Chademo,80,1,FREE,,16
2026-09-04 18:06:14,Ралівка,12095,True,119868,CCS2,120,1,FREE,,16
2026-09-04 18:06:14,Ралівка,12095,True,119869,GBT DC,120,1,FREE,,16
2026-09-04 18:06:14,Ралівка,12095,True,119870,Type2,22,1,FREE,,13
2026-09-04 18:06:14,Турка,30663,False,129119,Chademo,40,4,OTHER/OFFLINE,,24.49
2026-09-04 18:06:14,Турка,30663,False,129120,CCS2,40,4,OTHER/OFFLINE,,24.49
2026-09-04 18:06:14,Турка,30663,False,129121,Type2,22,4,OTHER/OFFLINE,,20.99
2026-09-04 18:06:14,Турка,30663,False,129122,Type1,7,4,OTHER/OFFLINE,,20.99
2026-09-04 18:06:14,Дрогобич,12015,True,119565,Chademo,80,1,FREE,,18
2026-09-04 18:06:14,Дрогобич,12015,True,119566,CCS2,80,1,FREE,,19
2026-09-04 18:06:14,Дрогобич,12015,True,119567,GBT DC,80,1,FREE,,19
2026-09-04 18:06:14,Дрогобич,12015,True,119568,Type2,22,1,FREE,,17
2026-09-04 19:56:32,Ралівка,12095,True,119867,Chademo,80,1,FREE,,16
2026-09-04 19:56:32,Ралівка,12095,True,119868,CCS2,120,3,FINISHING,73,16
2026-09-04 19:56:32,Ралівка,12095,True,119869,GBT DC,120,1,FREE,,16
2026-09-04 19:56:32,Ралівка,12095,True,119870,Type2,22,1,FREE,,13
2026-09-04 19:56:32,Турка,30663,False,129119,Chademo,40,4,OTHER/OFFLINE,,24.49
2026-09-04 19:56:32,Турка,30663,False,129120,CCS2,40,4,OTHER/OFFLINE,,24.49
2026-09-04 19:56:32,Турка,30663,False,129121,Type2,22,4,OTHER/OFFLINE,,20.99
2026-09-04 19:56:32,Турка,30663,False,129122,Type1,7,4,OTHER/OFFLINE,,20.99
2026-09-04 19:56:32,Дрогобич,12015,True,119565,Chademo,80,3,FINISHING,58,18
2026-09-04 19:56:32,Дрогобич,12015,True,119566,CCS2,80,4,OTHER/OFFLINE,,19
2026-09-04 19:56:32,Дрогобич,12015,True,119567,GBT DC,80,4,OTHER/OFFLINE,,19
2026-09-04 19:56:32,Дрогобич,12015,True,119568,Type2,22,1,FREE,,17
2026-09-04 21:14:27,Ралівка,12095,True,119867,Chademo,80,1,FREE,,16
2026-09-04 21:14:27,Ралівка,12095,True,119868,CCS2,120,1,FREE,,16
2026-09-04 21:14:27,Ралівка,12095,True,119869,GBT DC,120,1,FREE,,16
2026-09-04 21:14:27,Ралівка,12095,True,119870,Type2,22,1,FREE,,13
2026-09-04 21:14:27,Турка,30663,False,129119,Chademo,40,4,OTHER/OFFLINE,,24.49
2026-09-04 21:14:27,Турка,30663,False,129120,CCS2,40,4,OTHER/OFFLINE,,24.49
2026-09-04 21:14:27,Турка,30663,False,129121,Type2,22,4,OTHER/OFFLINE,,20.99
2026-09-04 21:14:27,Турка,30663,False,129122,Type1,7,4,OTHER/OFFLINE,,20.99
2026-09-04 21:14:27,Дрогобич,12015,True,119565,Chademo,80,1,FREE,,18
2026-09-04 21:14:27,Дрогобич,12015,True,119566,CCS2,80,1,FREE,,19
2026-09-04 21:14:27,Дрогобич,12015,True,119567,GBT DC,80,1,FREE,,19
2026-09-04 21:14:27,Дрогобич,12015,True,119568,Type2,22,1,FREE,,17
2026-09-04 22:16:49,Ралівка,12095,True,119867,Chademo,80,1,FREE,,16
2026-09-04 22:16:49,Ралівка,12095,True,119868,CCS2,120,1,FREE,,16
2026-09-04 22:16:49,Ралівка,12095,True,119869,GBT DC,120,1,FREE,,16
2026-09-04 22:16:49,Ралівка,12095,True,119870,Type2,22,1,FREE,,13
2026-09-04 22:16:49,Турка,30663,False,129119,Chademo,40,4,OTHER/OFFLINE,,24.49
2026-09-04 22:16:49,Турка,30663,False,129120,CCS2,40,4,OTHER/OFFLINE,,24.49
2026-09-04 22:16:49,Турка,30663,False,129121,Type2,22,4,OTHER/OFFLINE,,20.99
2026-09-04 22:16:49,Турка,30663,False,129122,Type1,7,4,OTHER/OFFLINE,,20.99
2026-09-04 22:16:49,Дрогобич,12015,True,119565,Chademo,80,1,FREE,,18
2026-09-04 22:16:49,Дрогобич,12015,True,119566,CCS2,80,1,FREE,,19
2026-09-04 22:16:49,Дрогобич,12015,True,119567,GBT DC,80,1,FREE,,19
2026-09-04 22:16:49,Дрогобич,12015,True,119568,Type2,22,1,FREE,,17
2026-09-04 23:43:38,Ралівка,12095,True,119867,Chademo,80,1,FREE,,16
2026-09-04 23:43:38,Ралівка,12095,True,119868,CCS2,120,1,FREE,,16
2026-09-04 23:43:38,Ралівка,12095,True,119869,GBT DC,120,1,FREE,,16
2026-09-04 23:43:38,Ралівка,12095,True,119870,Type2,22,1,FREE,,13
2026-09-04 23:43:38,Турка,30663,False,129119,Chademo,40,4,OTHER/OFFLINE,,24.49
2026-09-04 23:43:38,Турка,30663,False,129120,CCS2,40,4,OTHER/OFFLINE,,24.49
2026-09-04 23:43:38,Турка,30663,False,129121,Type2,22,4,OTHER/OFFLINE,,20.99
2026-09-04 23:43:38,Турка,30663,False,129122,Type1,7,4,OTHER/OFFLINE,,20.99
2026-09-04 23:43:38,Дрогобич,12015,True,119565,Chademo,80,1,FREE,,18
2026-09-04 23:43:38,Дрогобич,12015,True,119566,CCS2,80,1,FREE,,19
2026-09-04 23:43:38,Дрогобич,12015,True,119567,GBT DC,80,1,FREE,,19
2026-09-04 23:43:38,Дрогобич,12015,True,119568,Type2,22,1,FREE,,17
2026-09-05 00:11:49,Ралівка,12095,True,119867,Chademo,80,1,FREE,,16
2026-09-05 00:11:49,Ралівка,12095,True,119868,CCS2,120,1,FREE,,16
2026-09-05 00:11:49,Ралівка,12095,True,119869,GBT DC,120,1,FREE,,16
2026-09-05 00:11:49,Ралівка,12095,True,119870,Type2,22,1,FREE,,13
2026-09-05 00:11:49,Турка,30663,False,129119,Chademo,40,4,OTHER/OFFLINE,,24.49
2026-09-05 00:11:49,Турка,30663,False,129120,CCS2,40,4,OTHER/OFFLINE,,24.49
2026-09-05 00:11:49,Турка,30663,False,129121,Type2,22,4,OTHER/OFFLINE,,20.99
2026-09-05 00:11:49,Турка,30663,False,129122,Type1,7,4,OTHER/OFFLINE,,20.99
2026-09-05 00:11:49,Дрогобич,12015,True,119565,Chademo,80,1,FREE,,18
2026-09-05 00:11:49,Дрогобич,12015,True,119566,CCS2,80,1,FREE,,19
2026-09-05 00:11:49,Дрогобич,12015,True,119567,GBT DC,80,1,FREE,,19
2026-09-05 00:11:49,Дрогобич,12015,True,119568,Type2,22,1,FREE,,17
2026-09-05 03:02:04,Ралівка,12095,True,119867,Chademo,80,1,FREE,,16
2026-09-05 03:02:04,Ралівка,12095,True,119868,CCS2,120,1,FREE,,16
2026-09-05 03:02:04,Ралівка,12095,True,119869,GBT DC,120,1,FREE,,16
2026-09-05 03:02:04,Ралівка,12095,True,119870,Type2,22,1,FREE,,13
2026-09-05 03:02:04,Турка,30663,False,129119,Chademo,40,4,OTHER/OFFLINE,,24.49
2026-09-05 03:02:04,Турка,30663,False,129120,CCS2,40,4,OTHER/OFFLINE,,24.49
2026-09-05 03:02:04,Турка,30663,False,129121,Type2,22,4,OTHER/OFFLINE,,20.99
2026-09-05 03:02:04,Турка,30663,False,129122,Type1,7,4,OTHER/OFFLINE,,20.99
2026-09-05 03:02:04,Дрогобич,12015,True,119565,Chademo,80,1,FREE,,18
2026-09-05 03:02:04,Дрогобич,12015,True,119566,CCS2,80,1,FREE,,19
2026-09-05 03:02:04,Дрогобич,12015,True,119567,GBT DC,80,1,FREE,,19
2026-09-05 03:02:04,Дрогобич,12015,True,119568,Type2,22,1,FREE,,17
2026-09-05 04:35:36,Ралівка,12095,True,119867,Chademo,80,1,FREE,,16
2026-09-05 04:35:36,Ралівка,12095,True,119868,CCS2,120,1,FREE,,16
2026-09-05 04:35:36,Ралівка,12095,True,119869,GBT DC,120,1,FREE,,16
2026-09-05 04:35:36,Ралівка,12095,True,119870,Type2,22,1,FREE,,13
2026-09-05 04:35:36,Турка,30663,False,129119,Chademo,40,4,OTHER/OFFLINE,,24.49
2026-09-05 04:35:36,Турка,30663,False,129120,CCS2,40,4,OTHER/OFFLINE,,24.49
2026-09-05 04:35:36,Турка,30663,False,129121,Type2,22,4,OTHER/OFFLINE,,20.99
2026-09-05 04:35:36,Турка,30663,False,129122,Type1,7,4,OTHER/OFFLINE,,20.99
2026-09-05 04:35:36,Дрогобич,12015,True,119565,Chademo,80,1,FREE,,18
2026-09-05 04:35:36,Дрогобич,12015,True,119566,CCS2,80,1,FREE,,19
2026-09-05 04:35:36,Дрогобич,12015,True,119567,GBT DC,80,1,FREE,,19
2026-09-05 04:35:36,Дрогобич,12015,True,119568,Type2,22,1,FREE,,17
2026-09-05 07:34:02,Ралівка,12095,True,119867,Chademo,80,1,FREE,,16
2026-09-05 07:34:02,Ралівка,12095,True,119868,CCS2,120,3,FINISHING,72,16
2026-09-05 07:34:02,Ралівка,12095,True,119869,GBT DC,120,1,FREE,,16
2026-09-05 07:34:02,Ралівка,12095,True,119870,Type2,22,1,FREE,,13
2026-09-05 07:34:02,Турка,30663,False,129119,Chademo,40,4,OTHER/OFFLINE,,24.49
2026-09-05 07:34:02,Турка,30663,False,129120,CCS2,40,4,OTHER/OFFLINE,,24.49
2026-09-05 07:34:02,Турка,30663,False,129121,Type2,22,4,OTHER/OFFLINE,,20.99
2026-09-05 07:34:02,Турка,30663,False,129122,Type1,7,4,OTHER/OFFLINE,,20.99
2026-09-05 07:34:02,Дрогобич,12015,True,119565,Chademo,80,1,FREE,,18
2026-09-05 07:34:02,Дрогобич,12015,True,119566,CCS2,80,1,FREE,,19
2026-09-05 07:34:02,Дрогобич,12015,True,119567,GBT DC,80,1,FREE,,19
2026-09-05 07:34:02,Дрогобич,12015,True,119568,Type2,22,1,FREE,,17
2026-09-05 08:35:03,Ралівка,12095,True,119867,Chademo,80,4,OTHER/OFFLINE,,16
2026-09-05 08:35:03,Ралівка,12095,True,119868,CCS2,120,3,FINISHING,50,16
2026-09-05 08:35:03,Ралівка,12095,True,119869,GBT DC,120,1,FREE,,16
2026-09-05 08:35:03,Ралівка,12095,True,119870,Type2,22,1,FREE,,13
2026-09-05 08:35:03,Турка,30663,False,129119,Chademo,40,4,OTHER/OFFLINE,,24.49
2026-09-05 08:35:03,Турка,30663,False,129120,CCS2,40,4,OTHER/OFFLINE,,24.49
2026-09-05 08:35:03,Турка,30663,False,129121,Type2,22,4,OTHER/OFFLINE,,20.99
2026-09-05 08:35:03,Турка,30663,False,129122,Type1,7,4,OTHER/OFFLINE,,20.99
2026-09-05 08:35:03,Дрогобич,12015,True,119565,Chademo,80,4,OTHER/OFFLINE,,18
2026-09-05 08:35:03,Дрогобич,12015,True,119566,CCS2,80,3,FINISHING,59,19
2026-09-05 08:35:03,Дрогобич,12015,True,119567,GBT DC,80,4,OTHER/OFFLINE,,19
2026-09-05 08:35:03,Дрогобич,12015,True,119568,Type2,22,1,FREE,,17
2026-09-05 11:38:59,Ралівка,12095,True,119867,Chademo,80,1,FREE,,16
2026-09-05 11:38:59,Ралівка,12095,True,119868,CCS2,120,1,FREE,,16
2026-09-05 11:38:59,Ралівка,12095,True,119869,GBT DC,120,1,FREE,,16
2026-09-05 11:38:59,Ралівка,12095,True,119870,Type2,22,1,FREE,,13
2026-09-05 11:38:59,Турка,30663,False,129119,Chademo,40,4,OTHER/OFFLINE,,24.49
2026-09-05 11:38:59,Турка,30663,False,129120,CCS2,40,4,OTHER/OFFLINE,,24.49
2026-09-05 11:38:59,Турка,30663,False,129121,Type2,22,4,OTHER/OFFLINE,,20.99
2026-09-05 11:38:59,Турка,30663,False,129122,Type1,7,4,OTHER/OFFLINE,,20.99
2026-09-05 11:38:59,Дрогобич,12015,True,119565,Chademo,80,1,FREE,,18
2026-09-05 11:38:59,Дрогобич,12015,True,119566,CCS2,80,1,FREE,,19
2026-09-05 11:38:59,Дрогобич,12015,True,119567,GBT DC,80,1,FREE,,19
2026-09-05 11:38:59,Дрогобич,12015,True,119568,Type2,22,1,FREE,,17
2026-09-05 12:03:03,Ралівка,12095,True,119867,Chademo,80,1,FREE,,16
2026-09-05 12:03:03,Ралівка,12095,True,119868,CCS2,120,1,FREE,,16
2026-09-05 12:03:03,Ралівка,12095,True,119869,GBT DC,120,1,FREE,,16
2026-09-05 12:03:03,Ралівка,12095,True,119870,Type2,22,1,FREE,,13
2026-09-05 12:03:03,Турка,30663,False,129119,Chademo,40,4,OTHER/OFFLINE,,24.49
2026-09-05 12:03:03,Турка,30663,False,129120,CCS2,40,4,OTHER/OFFLINE,,24.49
2026-09-05 12:03:03,Турка,30663,False,129121,Type2,22,4,OTHER/OFFLINE,,20.99
2026-09-05 12:03:03,Турка,30663,False,129122,Type1,7,4,OTHER/OFFLINE,,20.99
2026-09-05 12:03:03,Дрогобич,12015,True,119565,Chademo,80,1,FREE,,18
2026-09-05 12:03:03,Дрогобич,12015,True,119566,CCS2,80,1,FREE,,19
2026-09-05 12:03:03,Дрогобич,12015,True,119567,GBT DC,80,1,FREE,,19
2026-09-05 12:03:03,Дрогобич,12015,True,119568,Type2,22,1,FREE,,17
2026-09-05 14:37:34,Ралівка,12095,True,119867,Chademo,80,1,FREE,,16
2026-09-05 14:37:34,Ралівка,12095,True,119868,CCS2,120,3,FINISHING,14,16
2026-09-05 14:37:34,Ралівка,12095,True,119869,GBT DC,120,1,FREE,,16
2026-09-05 14:37:34,Ралівка,12095,True,119870,Type2,22,1,FREE,,13
2026-09-05 14:37:34,Турка,30663,False,129119,Chademo,40,4,OTHER/OFFLINE,,24.49
2026-09-05 14:37:34,Турка,30663,False,129120,CCS2,40,4,OTHER/OFFLINE,,24.49
2026-09-05 14:37:34,Турка,30663,False,129121,Type2,22,4,OTHER/OFFLINE,,20.99
2026-09-05 14:37:34,Турка,30663,False,129122,Type1,7,4,OTHER/OFFLINE,,20.99
2026-09-05 14:37:34,Дрогобич,12015,True,119565,Chademo,80,4,OTHER/OFFLINE,,18
2026-09-05 14:37:34,Дрогобич,12015,True,119566,CCS2,80,3,FINISHING,,19
2026-09-05 14:37:34,Дрогобич,12015,True,119567,GBT DC,80,4,OTHER/OFFLINE,,19
2026-09-05 14:37:34,Дрогобич,12015,True,119568,Type2,22,1,FREE,,17
2026-09-05 15:07:53,Ралівка,12095,True,119867,Chademo,80,1,FREE,,16
2026-09-05 15:07:53,Ралівка,12095,True,119868,CCS2,120,1,FREE,,16
2026-09-05 15:07:53,Ралівка,12095,True,119869,GBT DC,120,1,FREE,,16
2026-09-05 15:07:53,Ралівка,12095,True,119870,Type2,22,1,FREE,,13
2026-09-05 15:07:53,Турка,30663,True,129119,Chademo,40,1,FREE,,24.49
2026-09-05 15:07:53,Турка,30663,True,129120,CCS2,40,1,FREE,,24.49
2026-09-05 15:07:53,Турка,30663,True,129121,Type2,22,4,OTHER/OFFLINE,,20.99
2026-09-05 15:07:53,Турка,30663,True,129122,Type1,7,4,OTHER/OFFLINE,,20.99
2026-09-05 15:07:53,Дрогобич,12015,True,119565,Chademo,80,1,FREE,,18
2026-09-05 15:07:53,Дрогобич,12015,True,119566,CCS2,80,1,FREE,,19
2026-09-05 15:07:53,Дрогобич,12015,True,119567,GBT DC,80,1,FREE,,19
2026-09-05 15:07:53,Дрогобич,12015,True,119568,Type2,22,1,FREE,,17
2026-09-05 17:08:59,Ралівка,12095,True,119867,Chademo,80,1,FREE,,16
2026-09-05 17:08:59,Ралівка,12095,True,119868,CCS2,120,3,FINISHING,56,16
2026-09-05 17:08:59,Ралівка,12095,True,119869,GBT DC,120,1,FREE,,16
2026-09-05 17:08:59,Ралівка,12095,True,119870,Type2,22,1,FREE,,13
2026-09-05 17:08:59,Турка,30663,True,129119,Chademo,40,1,FREE,,24.49
2026-09-05 17:08:59,Турка,30663,True,129120,CCS2,40,1,FREE,,24.49
2026-09-05 17:08:59,Турка,30663,True,129121,Type2,22,4,OTHER/OFFLINE,,20.99
2026-09-05 17:08:59,Турка,30663,True,129122,Type1,7,4,OTHER/OFFLINE,,20.99
2026-09-05 17:08:59,Дрогобич,12015,True,119565,Chademo,80,1,FREE,,18
2026-09-05 17:08:59,Дрогобич,12015,True,119566,CCS2,80,1,FREE,,19
2026-09-05 17:08:59,Дрогобич,12015,True,119567,GBT DC,80,1,FREE,,19
2026-09-05 17:08:59,Дрогобич,12015,True,119568,Type2,22,1,FREE,,17
2026-09-05 17:20:50,Ралівка,12095,True,119867,Chademo,80,1,FREE,,16
2026-09-05 17:20:50,Ралівка,12095,True,119868,CCS2,120,3,FINISHING,68,16
2026-09-05 17:20:50,Ралівка,12095,True,119869,GBT DC,120,1,FREE,,16
2026-09-05 17:20:50,Ралівка,12095,True,119870,Type2,22,1,FREE,,13
2026-09-05 17:20:50,Турка,30663,True,129119,Chademo,40,1,FREE,,24.49
2026-09-05 17:20:50,Турка,30663,True,129120,CCS2,40,1,FREE,,24.49
2026-09-05 17:20:50,Турка,30663,True,129121,Type2,22,4,OTHER/OFFLINE,,20.99
2026-09-05 17:20:50,Турка,30663,True,129122,Type1,7,4,OTHER/OFFLINE,,20.99
2026-09-05 17:20:50,Дрогобич,12015,True,119565,Chademo,80,1,FREE,,18
2026-09-05 17:20:50,Дрогобич,12015,True,119566,CCS2,80,1,FREE,,19
2026-09-05 17:20:50,Дрогобич,12015,True,119567,GBT DC,80,1,FREE,,19
2026-09-05 17:20:50,Дрогобич,12015,True,119568,Type2,22,1,FREE,,17
2026-09-05 19:12:15,Ралівка,12095,True,119867,Chademo,80,1,FREE,,16
2026-09-05 19:12:15,Ралівка,12095,True,119868,CCS2,120,1,FREE,,16
2026-09-05 19:12:15,Ралівка,12095,True,119869,GBT DC,120,1,FREE,,16
2026-09-05 19:12:15,Ралівка,12095,True,119870,Type2,22,1,FREE,,13
2026-09-05 19:12:15,Турка,30663,True,129119,Chademo,40,1,FREE,,24.49
2026-09-05 19:12:15,Турка,30663,True,129120,CCS2,40,1,FREE,,24.49
2026-09-05 19:12:15,Турка,30663,True,129121,Type2,22,4,OTHER/OFFLINE,,20.99
2026-09-05 19:12:15,Турка,30663,True,129122,Type1,7,4,OTHER/OFFLINE,,20.99
2026-09-05 19:12:15,Дрогобич,12015,True,119565,Chademo,80,1,FREE,,18
2026-09-05 19:12:15,Дрогобич,12015,True,119566,CCS2,80,1,FREE,,19
2026-09-05 19:12:15,Дрогобич,12015,True,119567,GBT DC,80,1,FREE,,19
2026-09-05 19:12:15,Дрогобич,12015,True,119568,Type2,22,1,FREE,,17
2026-09-05 19:57:17,Ралівка,12095,True,119867,Chademo,80,1,FREE,,16
2026-09-05 19:57:17,Ралівка,12095,True,119868,CCS2,120,1,FREE,,16
2026-09-05 19:57:17,Ралівка,12095,True,119869,GBT DC,120,1,FREE,,16
2026-09-05 19:57:17,Ралівка,12095,True,119870,Type2,22,1,FREE,,13
2026-09-05 19:57:17,Турка,30663,True,129119,Chademo,40,1,FREE,,24.49
2026-09-05 19:57:17,Турка,30663,True,129120,CCS2,40,1,FREE,,24.49
2026-09-05 19:57:17,Турка,30663,True,129121,Type2,22,4,OTHER/OFFLINE,,20.99
2026-09-05 19:57:17,Турка,30663,True,129122,Type1,7,4,OTHER/OFFLINE,,20.99
2026-09-05 19:57:17,Дрогобич,12015,True,119565,Chademo,80,1,FREE,,18
2026-09-05 19:57:17,Дрогобич,12015,True,119566,CCS2,80,1,FREE,,19
2026-09-05 19:57:17,Дрогобич,12015,True,119567,GBT DC,80,1,FREE,,19
2026-09-05 19:57:17,Дрогобич,12015,True,119568,Type2,22,1,FREE,,17
2026-09-05 21:18:41,Ралівка,12095,True,119867,Chademo,80,1,FREE,,16
2026-09-05 21:18:41,Ралівка,12095,True,119868,CCS2,120,1,FREE,,16
2026-09-05 21:18:41,Ралівка,12095,True,119869,GBT DC,120,1,FREE,,16
2026-09-05 21:18:41,Ралівка,12095,True,119870,Type2,22,1,FREE,,13
2026-09-05 21:18:41,Турка,30663,True,129119,Chademo,40,1,FREE,,24.49
2026-09-05 21:18:41,Турка,30663,True,129120,CCS2,40,1,FREE,,24.49
2026-09-05 21:18:41,Турка,30663,True,129121,Type2,22,4,OTHER/OFFLINE,,20.99
2026-09-05 21:18:41,Турка,30663,True,129122,Type1,7,4,OTHER/OFFLINE,,20.99
2026-09-05 21:18:41,Дрогобич,12015,True,119565,Chademo,80,1,FREE,,18
2026-09-05 21:18:41,Дрогобич,12015,True,119566,CCS2,80,1,FREE,,19
2026-09-05 21:18:41,Дрогобич,12015,True,119567,GBT DC,80,1,FREE,,19
2026-09-05 21:18:41,Дрогобич,12015,True,119568,Type2,22,1,FREE,,17
2026-09-05 21:55:52,Ралівка,12095,True,119867,Chademo,80,1,FREE,,16
2026-09-05 21:55:52,Ралівка,12095,True,119868,CCS2,120,1,FREE,,16
2026-09-05 21:55:52,Ралівка,12095,True,119869,GBT DC,120,1,FREE,,16
2026-09-05 21:55:52,Ралівка,12095,True,119870,Type2,22,1,FREE,,13
2026-09-05 21:55:52,Турка,30663,True,129119,Chademo,40,1,FREE,,24.49
2026-09-05 21:55:52,Турка,30663,True,129120,CCS2,40,1,FREE,,24.49
2026-09-05 21:55:52,Турка,30663,True,129121,Type2,22,4,OTHER/OFFLINE,,20.99
2026-09-05 21:55:52,Турка,30663,True,129122,Type1,7,4,OTHER/OFFLINE,,20.99
2026-09-05 21:55:52,Дрогобич,12015,True,119565,Chademo,80,1,FREE,,18
2026-09-05 21:55:52,Дрогобич,12015,True,119566,CCS2,80,1,FREE,,19
2026-09-05 21:55:52,Дрогобич,12015,True,119567,GBT DC,80,1,FREE,,19
2026-09-05 21:55:52,Дрогобич,12015,True,119568,Type2,22,1,FREE,,17
2026-09-05 23:02:09,Ралівка,12095,True,119867,Chademo,80,1,FREE,,16
2026-09-05 23:02:09,Ралівка,12095,True,119868,CCS2,120,1,FREE,,16
2026-09-05 23:02:09,Ралівка,12095,True,119869,GBT DC,120,1,FREE,,16
2026-09-05 23:02:09,Ралівка,12095,True,119870,Type2,22,1,FREE,,13
2026-09-05 23:02:09,Турка,30663,True,129119,Chademo,40,1,FREE,,24.49
2026-09-05 23:02:09,Турка,30663,True,129120,CCS2,40,1,FREE,,24.49
2026-09-05 23:02:09,Турка,30663,True,129121,Type2,22,4,OTHER/OFFLINE,,20.99
2026-09-05 23:02:09,Турка,30663,True,129122,Type1,7,4,OTHER/OFFLINE,,20.99
2026-09-05 23:02:09,Дрогобич,12015,True,119565,Chademo,80,1,FREE,,18
2026-09-05 23:02:09,Дрогобич,12015,True,119566,CCS2,80,1,FREE,,19
2026-09-05 23:02:09,Дрогобич,12015,True,119567,GBT DC,80,1,FREE,,19
2026-09-05 23:02:09,Дрогобич,12015,True,119568,Type2,22,1,FREE,,17
2026-09-05 23:33:54,Ралівка,12095,True,119867,Chademo,80,1,FREE,,16
2026-09-05 23:33:54,Ралівка,12095,True,119868,CCS2,120,1,FREE,,16
2026-09-05 23:33:54,Ралівка,12095,True,119869,GBT DC,120,1,FREE,,16
2026-09-05 23:33:54,Ралівка,12095,True,119870,Type2,22,1,FREE,,13
2026-09-05 23:33:54,Турка,30663,True,129119,Chademo,40,1,FREE,,24.49
2026-09-05 23:33:54,Турка,30663,True,129120,CCS2,40,1,FREE,,24.49
2026-09-05 23:33:54,Турка,30663,True,129121,Type2,22,4,OTHER/OFFLINE,,20.99
2026-09-05 23:33:54,Турка,30663,True,129122,Type1,7,4,OTHER/OFFLINE,,20.99
2026-09-05 23:33:54,Дрогобич,12015,True,119565,Chademo,80,1,FREE,,18
2026-09-05 23:33:54,Дрогобич,12015,True,119566,CCS2,80,1,FREE,,19
2026-09-05 23:33:54,Дрогобич,12015,True,119567,GBT DC,80,1,FREE,,19
2026-09-05 23:33:54,Дрогобич,12015,True,119568,Type2,22,1,FREE,,17
2026-09-06 00:51:30,Ралівка,12095,True,119867,Chademo,80,1,FREE,,16
2026-09-06 00:51:30,Ралівка,12095,True,119868,CCS2,120,1,FREE,,16
2026-09-06 00:51:30,Ралівка,12095,True,119869,GBT DC,120,1,FREE,,16
2026-09-06 00:51:30,Ралівка,12095,True,119870,Type2,22,1,FREE,,13
2026-09-06 00:51:30,Турка,30663,True,129119,Chademo,40,1,FREE,,24.49
2026-09-06 00:51:30,Турка,30663,True,129120,CCS2,40,1,FREE,,24.49
2026-09-06 00:51:30,Турка,30663,True,129121,Type2,22,4,OTHER/OFFLINE,,20.99
2026-09-06 00:51:30,Турка,30663,True,129122,Type1,7,4,OTHER/OFFLINE,,20.99
2026-09-06 00:51:30,Дрогобич,12015,True,119565,Chademo,80,1,FREE,,18
2026-09-06 00:51:30,Дрогобич,12015,True,119566,CCS2,80,1,FREE,,19
2026-09-06 00:51:30,Дрогобич,12015,True,119567,GBT DC,80,1,FREE,,19
2026-09-06 00:51:30,Дрогобич,12015,True,119568,Type2,22,1,FREE,,17
2026-09-06 03:01:38,Ралівка,12095,True,119867,Chademo,80,1,FREE,,16
2026-09-06 03:01:38,Ралівка,12095,True,119868,CCS2,120,1,FREE,,16
2026-09-06 03:01:38,Ралівка,12095,True,119869,GBT DC,120,1,FREE,,16
2026-09-06 03:01:38,Ралівка,12095,True,119870,Type2,22,1,FREE,,13
2026-09-06 03:01:38,Турка,30663,True,129119,Chademo,40,1,FREE,,24.49
2026-09-06 03:01:38,Турка,30663,True,129120,CCS2,40,1,FREE,,24.49
2026-09-06 03:01:38,Турка,30663,True,129121,Type2,22,4,OTHER/OFFLINE,,20.99
2026-09-06 03:01:38,Турка,30663,True,129122,Type1,7,4,OTHER/OFFLINE,,20.99
2026-09-06 03:01:38,Дрогобич,12015,True,119565,Chademo,80,1,FREE,,18
2026-09-06 03:01:38,Дрогобич,12015,True,119566,CCS2,80,1,FREE,,19
2026-09-06 03:01:38,Дрогобич,12015,True,119567,GBT DC,80,1,FREE,,19
2026-09-06 03:01:38,Дрогобич,12015,True,119568,Type2,22,1,FREE,,17
2026-09-06 05:26:13,Ралівка,12095,True,119867,Chademo,80,1,FREE,,16
2026-09-06 05:26:13,Ралівка,12095,True,119868,CCS2,120,1,FREE,,16
2026-09-06 05:26:13,Ралівка,12095,True,119869,GBT DC,120,1,FREE,,16
2026-09-06 05:26:13,Ралівка,12095,True,119870,Type2,22,1,FREE,,13
2026-09-06 05:26:13,Турка,30663,True,129119,Chademo,40,1,FREE,,24.49
2026-09-06 05:26:13,Турка,30663,True,129120,CCS2,40,1,FREE,,24.49
2026-09-06 05:26:13,Турка,30663,True,129121,Type2,22,4,OTHER/OFFLINE,,20.99
2026-09-06 05:26:13,Турка,30663,True,129122,Type1,7,4,OTHER/OFFLINE,,20.99
2026-09-06 05:26:13,Дрогобич,12015,True,119565,Chademo,80,1,FREE,,18
2026-09-06 05:26:13,Дрогобич,12015,True,119566,CCS2,80,1,FREE,,19
2026-09-06 05:26:13,Дрогобич,12015,True,119567,GBT DC,80,1,FREE,,19
2026-09-06 05:26:13,Дрогобич,12015,True,119568,Type2,22,1,FREE,,17
2026-09-06 07:46:07,Ралівка,12095,True,119867,Chademo,80,1,FREE,,16
2026-09-06 07:46:07,Ралівка,12095,True,119868,CCS2,120,3,FINISHING,71,16
2026-09-06 07:46:07,Ралівка,12095,True,119869,GBT DC,120,1,FREE,,16
2026-09-06 07:46:07,Ралівка,12095,True,119870,Type2,22,1,FREE,,13
2026-09-06 07:46:07,Турка,30663,True,129119,Chademo,40,1,FREE,,24.49
2026-09-06 07:46:07,Турка,30663,True,129120,CCS2,40,1,FREE,,24.49
2026-09-06 07:46:07,Турка,30663,True,129121,Type2,22,4,OTHER/OFFLINE,,20.99
2026-09-06 07:46:07,Турка,30663,True,129122,Type1,7,4,OTHER/OFFLINE,,20.99
2026-09-06 07:46:07,Дрогобич,12015,True,119565,Chademo,80,1,FREE,,18
2026-09-06 07:46:07,Дрогобич,12015,True,119566,CCS2,80,1,FREE,,19
2026-09-06 07:46:07,Дрогобич,12015,True,119567,GBT DC,80,1,FREE,,19
2026-09-06 07:46:07,Дрогобич,12015,True,119568,Type2,22,3,FINISHING,,17
2026-09-06 09:36:59,Ралівка,12095,True,119867,Chademo,80,1,FREE,,16
2026-09-06 09:36:59,Ралівка,12095,True,119868,CCS2,120,3,FINISHING,37,16
2026-09-06 09:36:59,Ралівка,12095,True,119869,GBT DC,120,1,FREE,,16
2026-09-06 09:36:59,Ралівка,12095,True,119870,Type2,22,1,FREE,,13
2026-09-06 09:36:59,Турка,30663,True,129119,Chademo,40,1,FREE,,24.49
2026-09-06 09:36:59,Турка,30663,True,129120,CCS2,40,1,FREE,,24.49
2026-09-06 09:36:59,Турка,30663,True,129121,Type2,22,4,OTHER/OFFLINE,,20.99
2026-09-06 09:36:59,Турка,30663,True,129122,Type1,7,4,OTHER/OFFLINE,,20.99
2026-09-06 09:36:59,Дрогобич,12015,True,119565,Chademo,80,1,FREE,,18
2026-09-06 09:36:59,Дрогобич,12015,True,119566,CCS2,80,1,FREE,,19
2026-09-06 09:36:59,Дрогобич,12015,True,119567,GBT DC,80,1,FREE,,19
2026-09-06 09:36:59,Дрогобич,12015,True,119568,Type2,22,3,FINISHING,,17
2026-09-06 11:57:47,Ралівка,12095,True,119867,Chademo,80,1,FREE,,16
2026-09-06 11:57:47,Ралівка,12095,True,119868,CCS2,120,1,FREE,,16
2026-09-06 11:57:47,Ралівка,12095,True,119869,GBT DC,120,1,FREE,,16
2026-09-06 11:57:47,Ралівка,12095,True,119870,Type2,22,2,CHARGING,,13
2026-09-06 11:57:47,Турка,30663,True,129119,Chademo,40,1,FREE,,24.49
2026-09-06 11:57:47,Турка,30663,True,129120,CCS2,40,1,FREE,,24.49
2026-09-06 11:57:47,Турка,30663,True,129121,Type2,22,4,OTHER/OFFLINE,,20.99
2026-09-06 11:57:47,Турка,30663,True,129122,Type1,7,4,OTHER/OFFLINE,,20.99
2026-09-06 11:57:47,Дрогобич,12015,True,119565,Chademo,80,1,FREE,,18
2026-09-06 11:57:47,Дрогобич,12015,True,119566,CCS2,80,1,FREE,,19
2026-09-06 11:57:47,Дрогобич,12015,True,119567,GBT DC,80,1,FREE,,19
2026-09-06 11:57:47,Дрогобич,12015,True,119568,Type2,22,3,FINISHING,,17
2026-09-06 13:07:37,Ралівка,12095,True,119867,Chademo,80,1,FREE,,16
2026-09-06 13:07:37,Ралівка,12095,True,119868,CCS2,120,3,FINISHING,66,16
2026-09-06 13:07:37,Ралівка,12095,True,119869,GBT DC,120,1,FREE,,16
2026-09-06 13:07:37,Ралівка,12095,True,119870,Type2,22,1,FREE,,13
2026-09-06 13:07:37,Турка,30663,True,129119,Chademo,40,1,FREE,,24.49
2026-09-06 13:07:37,Турка,30663,True,129120,CCS2,40,1,FREE,,24.49
2026-09-06 13:07:37,Турка,30663,True,129121,Type2,22,4,OTHER/OFFLINE,,20.99
2026-09-06 13:07:37,Турка,30663,True,129122,Type1,7,4,OTHER/OFFLINE,,20.99
2026-09-06 13:07:37,Дрогобич,12015,True,119565,Chademo,80,1,FREE,,18
2026-09-06 13:07:37,Дрогобич,12015,True,119566,CCS2,80,1,FREE,,19
2026-09-06 13:07:37,Дрогобич,12015,True,119567,GBT DC,80,1,FREE,,19
2026-09-06 13:07:37,Дрогобич,12015,True,119568,Type2,22,1,FREE,,17
2026-09-06 14:57:08,Ралівка,12095,True,119867,Chademo,80,1,FREE,,16
2026-09-06 14:57:08,Ралівка,12095,True,119868,CCS2,120,1,FREE,,16
2026-09-06 14:57:08,Ралівка,12095,True,119869,GBT DC,120,1,FREE,,16
2026-09-06 14:57:08,Ралівка,12095,True,119870,Type2,22,1,FREE,,13
2026-09-06 14:57:08,Турка,30663,True,129119,Chademo,40,1,FREE,,24.49
2026-09-06 14:57:08,Турка,30663,True,129120,CCS2,40,1,FREE,,24.49
2026-09-06 14:57:08,Турка,30663,True,129121,Type2,22,4,OTHER/OFFLINE,,20.99
2026-09-06 14:57:08,Турка,30663,True,129122,Type1,7,4,OTHER/OFFLINE,,20.99
2026-09-06 14:57:08,Дрогобич,12015,True,119565,Chademo,80,1,FREE,,18
2026-09-06 14:57:08,Дрогобич,12015,True,119566,CCS2,80,1,FREE,,19
2026-09-06 14:57:08,Дрогобич,12015,True,119567,GBT DC,80,1,FREE,,19
2026-09-06 14:57:08,Дрогобич,12015,True,119568,Type2,22,1,FREE,,17
2026-09-06 16:16:26,Ралівка,12095,True,119867,Chademo,80,1,FREE,,16
2026-09-06 16:16:26,Ралівка,12095,True,119868,CCS2,120,1,FREE,,16
2026-09-06 16:16:26,Ралівка,12095,True,119869,GBT DC,120,1,FREE,,16
2026-09-06 16:16:26,Ралівка,12095,True,119870,Type2,22,1,FREE,,13
2026-09-06 16:16:26,Турка,30663,True,129119,Chademo,40,1,FREE,,24.49
2026-09-06 16:16:26,Турка,30663,True,129120,CCS2,40,1,FREE,,24.49
2026-09-06 16:16:26,Турка,30663,True,129121,Type2,22,4,OTHER/OFFLINE,,20.99
2026-09-06 16:16:26,Турка,30663,True,129122,Type1,7,4,OTHER/OFFLINE,,20.99
2026-09-06 16:16:26,Дрогобич,12015,True,119565,Chademo,80,3,FINISHING,,18
2026-09-06 16:16:26,Дрогобич,12015,True,119566,CCS2,80,4,OTHER/OFFLINE,,19
2026-09-06 16:16:26,Дрогобич,12015,True,119567,GBT DC,80,4,OTHER/OFFLINE,,19
2026-09-06 16:16:26,Дрогобич,12015,True,119568,Type2,22,1,FREE,,17
2026-09-06 17:30:38,Ралівка,12095,True,119867,Chademo,80,1,FREE,,16
2026-09-06 17:30:38,Ралівка,12095,True,119868,CCS2,120,1,FREE,,16
2026-09-06 17:30:38,Ралівка,12095,True,119869,GBT DC,120,1,FREE,,16
2026-09-06 17:30:38,Ралівка,12095,True,119870,Type2,22,1,FREE,,13
2026-09-06 17:30:38,Турка,30663,True,129119,Chademo,40,1,FREE,,24.49
2026-09-06 17:30:38,Турка,30663,True,129120,CCS2,40,1,FREE,,24.49
2026-09-06 17:30:38,Турка,30663,True,129121,Type2,22,4,OTHER/OFFLINE,,20.99
2026-09-06 17:30:38,Турка,30663,True,129122,Type1,7,4,OTHER/OFFLINE,,20.99
2026-09-06 17:30:38,Дрогобич,12015,True,119565,Chademo,80,1,FREE,,18
2026-09-06 17:30:38,Дрогобич,12015,True,119566,CCS2,80,1,FREE,,19
2026-09-06 17:30:38,Дрогобич,12015,True,119567,GBT DC,80,1,FREE,,19
2026-09-06 17:30:38,Дрогобич,12015,True,119568,Type2,22,1,FREE,,17
2026-09-06 18:24:58,Ралівка,12095,True,119867,Chademo,80,1,FREE,,16
2026-09-06 18:24:58,Ралівка,12095,True,119868,CCS2,120,1,FREE,,16
2026-09-06 18:24:58,Ралівка,12095,True,119869,GBT DC,120,1,FREE,,16
2026-09-06 18:24:58,Ралівка,12095,True,119870,Type2,22,1,FREE,,13
2026-09-06 18:24:58,Турка,30663,True,129119,Chademo,40,1,FREE,,24.49
2026-09-06 18:24:58,Турка,30663,True,129120,CCS2,40,1,FREE,,24.49
2026-09-06 18:24:58,Турка,30663,True,129121,Type2,22,4,OTHER/OFFLINE,,20.99
2026-09-06 18:24:58,Турка,30663,True,129122,Type1,7,4,OTHER/OFFLINE,,20.99
2026-09-06 18:24:58,Дрогобич,12015,True,119565,Chademo,80,1,FREE,,18
2026-09-06 18:24:58,Дрогобич,12015,True,119566,CCS2,80,1,FREE,,19
2026-09-06 18:24:58,Дрогобич,12015,True,119567,GBT DC,80,1,FREE,,19
2026-09-06 18:24:58,Дрогобич,12015,True,119568,Type2,22,1,FREE,,17
2026-09-06 20:01:03,Ралівка,12095,True,119867,Chademo,80,1,FREE,,16
2026-09-06 20:01:03,Ралівка,12095,True,119868,CCS2,120,1,FREE,,16
2026-09-06 20:01:03,Ралівка,12095,True,119869,GBT DC,120,1,FREE,,16
2026-09-06 20:01:03,Ралівка,12095,True,119870,Type2,22,1,FREE,,13
2026-09-06 20:01:03,Турка,30663,True,129119,Chademo,40,1,FREE,,24.49
2026-09-06 20:01:03,Турка,30663,True,129120,CCS2,40,1,FREE,,24.49
2026-09-06 20:01:03,Турка,30663,True,129121,Type2,22,4,OTHER/OFFLINE,,20.99
2026-09-06 20:01:03,Турка,30663,True,129122,Type1,7,4,OTHER/OFFLINE,,20.99
2026-09-06 20:01:03,Дрогобич,12015,True,119565,Chademo,80,1,FREE,,18
2026-09-06 20:01:03,Дрогобич,12015,True,119566,CCS2,80,1,FREE,,19
2026-09-06 20:01:03,Дрогобич,12015,True,119567,GBT DC,80,1,FREE,,19
2026-09-06 20:01:03,Дрогобич,12015,True,119568,Type2,22,1,FREE,,17
2026-09-06 20:41:56,Ралівка,12095,True,119867,Chademo,80,1,FREE,,16
2026-09-06 20:41:56,Ралівка,12095,True,119868,CCS2,120,3,FINISHING,17,16
2026-09-06 20:41:56,Ралівка,12095,True,119869,GBT DC,120,1,FREE,,16
2026-09-06 20:41:56,Ралівка,12095,True,119870,Type2,22,1,FREE,,13
2026-09-06 20:41:56,Турка,30663,True,129119,Chademo,40,1,FREE,,24.49
2026-09-06 20:41:56,Турка,30663,True,129120,CCS2,40,1,FREE,,24.49
2026-09-06 20:41:56,Турка,30663,True,129121,Type2,22,4,OTHER/OFFLINE,,20.99
2026-09-06 20:41:56,Турка,30663,True,129122,Type1,7,4,OTHER/OFFLINE,,20.99
2026-09-06 20:41:56,Дрогобич,12015,True,119565,Chademo,80,1,FREE,,18
2026-09-06 20:41:56,Дрогобич,12015,True,119566,CCS2,80,1,FREE,,19
2026-09-06 20:41:56,Дрогобич,12015,True,119567,GBT DC,80,1,FREE,,19
2026-09-06 20:41:56,Дрогобич,12015,True,119568,Type2,22,1,FREE,,17
2026-09-06 22:00:41,Ралівка,12095,True,119867,Chademo,80,1,FREE,,16
2026-09-06 22:00:41,Ралівка,12095,True,119868,CCS2,120,1,FREE,,16
2026-09-06 22:00:41,Ралівка,12095,True,119869,GBT DC,120,1,FREE,,16
2026-09-06 22:00:41,Ралівка,12095,True,119870,Type2,22,1,FREE,,13
2026-09-06 22:00:41,Турка,30663,True,129119,Chademo,40,1,FREE,,24.49
2026-09-06 22:00:41,Турка,30663,True,129120,CCS2,40,1,FREE,,24.49
2026-09-06 22:00:41,Турка,30663,True,129121,Type2,22,4,OTHER/OFFLINE,,20.99
2026-09-06 22:00:41,Турка,30663,True,129122,Type1,7,4,OTHER/OFFLINE,,20.99
2026-09-06 22:00:41,Дрогобич,12015,True,119565,Chademo,80,1,FREE,,18
2026-09-06 22:00:41,Дрогобич,12015,True,119566,CCS2,80,1,FREE,,19
2026-09-06 22:00:41,Дрогобич,12015,True,119567,GBT DC,80,1,FREE,,19
2026-09-06 22:00:41,Дрогобич,12015,True,119568,Type2,22,1,FREE,,17
2026-09-06 22:24:10,Ралівка,12095,True,119867,Chademo,80,1,FREE,,16
2026-09-06 22:24:10,Ралівка,12095,True,119868,CCS2,120,1,FREE,,16
2026-09-06 22:24:10,Ралівка,12095,True,119869,GBT DC,120,1,FREE,,16
2026-09-06 22:24:10,Ралівка,12095,True,119870,Type2,22,1,FREE,,13
2026-09-06 22:24:10,Турка,30663,True,129119,Chademo,40,1,FREE,,24.49
2026-09-06 22:24:10,Турка,30663,True,129120,CCS2,40,1,FREE,,24.49
2026-09-06 22:24:10,Турка,30663,True,129121,Type2,22,4,OTHER/OFFLINE,,20.99
2026-09-06 22:24:10,Турка,30663,True,129122,Type1,7,4,OTHER/OFFLINE,,20.99
2026-09-06 22:24:10,Дрогобич,12015,True,119565,Chademo,80,1,FREE,,18
2026-09-06 22:24:10,Дрогобич,12015,True,119566,CCS2,80,1,FREE,,19
2026-09-06 22:24:10,Дрогобич,12015,True,119567,GBT DC,80,1,FREE,,19
2026-09-06 22:24:10,Дрогобич,12015,True,119568,Type2,22,1,FREE,,17
2026-09-06 23:35:58,Ралівка,12095,True,119867,Chademo,80,1,FREE,,16
2026-09-06 23:35:58,Ралівка,12095,True,119868,CCS2,120,1,FREE,,16
2026-09-06 23:35:58,Ралівка,12095,True,119869,GBT DC,120,1,FREE,,16
2026-09-06 23:35:58,Ралівка,12095,True,119870,Type2,22,1,FREE,,13
2026-09-06 23:35:58,Турка,30663,True,129119,Chademo,40,1,FREE,,24.49
2026-09-06 23:35:58,Турка,30663,True,129120,CCS2,40,1,FREE,,24.49
2026-09-06 23:35:58,Турка,30663,True,129121,Type2,22,4,OTHER/OFFLINE,,20.99
2026-09-06 23:35:58,Турка,30663,True,129122,Type1,7,4,OTHER/OFFLINE,,20.99
2026-09-06 23:35:58,Дрогобич,12015,True,119565,Chademo,80,1,FREE,,18
2026-09-06 23:35:58,Дрогобич,12015,True,119566,CCS2,80,1,FREE,,19
2026-09-06 23:35:58,Дрогобич,12015,True,119567,GBT DC,80,1,FREE,,19
2026-09-06 23:35:58,Дрогобич,12015,True,119568,Type2,22,1,FREE,,17
2026-09-07 00:12:18,Ралівка,12095,True,119867,Chademo,80,1,FREE,,16
2026-09-07 00:12:18,Ралівка,12095,True,119868,CCS2,120,1,FREE,,16
2026-09-07 00:12:18,Ралівка,12095,True,119869,GBT DC,120,1,FREE,,16
2026-09-07 00:12:18,Ралівка,12095,True,119870,Type2,22,1,FREE,,13
2026-09-07 00:12:18,Турка,30663,True,129119,Chademo,40,1,FREE,,24.49
2026-09-07 00:12:18,Турка,30663,True,129120,CCS2,40,1,FREE,,24.49
2026-09-07 00:12:18,Турка,30663,True,129121,Type2,22,4,OTHER/OFFLINE,,20.99
2026-09-07 00:12:18,Турка,30663,True,129122,Type1,7,4,OTHER/OFFLINE,,20.99
2026-09-07 00:12:18,Дрогобич,12015,True,119565,Chademo,80,1,FREE,,18
2026-09-07 00:12:18,Дрогобич,12015,True,119566,CCS2,80,1,FREE,,19
2026-09-07 00:12:18,Дрогобич,12015,True,119567,GBT DC,80,1,FREE,,19
2026-09-07 00:12:18,Дрогобич,12015,True,119568,Type2,22,1,FREE,,17
2026-09-07 02:59:23,Ралівка,12095,True,119867,Chademo,80,1,FREE,,16
2026-09-07 02:59:23,Ралівка,12095,True,119868,CCS2,120,1,FREE,,16
2026-09-07 02:59:23,Ралівка,12095,True,119869,GBT DC,120,1,FREE,,16
2026-09-07 02:59:23,Ралівка,12095,True,119870,Type2,22,1,FREE,,13
2026-09-07 02:59:23,Турка,30663,True,129119,Chademo,40,1,FREE,,24.49
2026-09-07 02:59:23,Турка,30663,True,129120,CCS2,40,1,FREE,,24.49
2026-09-07 02:59:23,Турка,30663,True,129121,Type2,22,4,OTHER/OFFLINE,,20.99
2026-09-07 02:59:23,Турка,30663,True,129122,Type1,7,4,OTHER/OFFLINE,,20.99
2026-09-07 02:59:23,Дрогобич,12015,True,119565,Chademo,80,1,FREE,,18
2026-09-07 02:59:23,Дрогобич,12015,True,119566,CCS2,80,1,FREE,,19
2026-09-07 02:59:23,Дрогобич,12015,True,119567,GBT DC,80,1,FREE,,19
2026-09-07 02:59:23,Дрогобич,12015,True,119568,Type2,22,1,FREE,,17
2026-09-07 04:49:44,Ралівка,12095,True,119867,Chademo,80,1,FREE,,16
2026-09-07 04:49:44,Ралівка,12095,True,119868,CCS2,120,1,FREE,,16
2026-09-07 04:49:44,Ралівка,12095,True,119869,GBT DC,120,1,FREE,,16
2026-09-07 04:49:44,Ралівка,12095,True,119870,Type2,22,1,FREE,,13
2026-09-07 04:49:44,Турка,30663,True,129119,Chademo,40,1,FREE,,24.49
2026-09-07 04:49:44,Турка,30663,True,129120,CCS2,40,1,FREE,,24.49
2026-09-07 04:49:44,Турка,30663,True,129121,Type2,22,4,OTHER/OFFLINE,,20.99
2026-09-07 04:49:44,Турка,30663,True,129122,Type1,7,4,OTHER/OFFLINE,,20.99
2026-09-07 04:49:44,Дрогобич,12015,True,119565,Chademo,80,1,FREE,,18
2026-09-07 04:49:44,Дрогобич,12015,True,119566,CCS2,80,1,FREE,,19
2026-09-07 04:49:44,Дрогобич,12015,True,119567,GBT DC,80,1,FREE,,19
2026-09-07 04:49:44,Дрогобич,12015,True,119568,Type2,22,1,FREE,,17
2026-09-07 07:57:39,Ралівка,12095,True,119867,Chademo,80,1,FREE,,16
2026-09-07 07:57:39,Ралівка,12095,True,119868,CCS2,120,1,FREE,,16
2026-09-07 07:57:39,Ралівка,12095,True,119869,GBT DC,120,1,FREE,,16
2026-09-07 07:57:39,Ралівка,12095,True,119870,Type2,22,1,FREE,,13
2026-09-07 07:57:39,Турка,30663,True,129119,Chademo,40,1,FREE,,24.49
2026-09-07 07:57:39,Турка,30663,True,129120,CCS2,40,1,FREE,,24.49
2026-09-07 07:57:39,Турка,30663,True,129121,Type2,22,4,OTHER/OFFLINE,,20.99
2026-09-07 07:57:39,Турка,30663,True,129122,Type1,7,4,OTHER/OFFLINE,,20.99
2026-09-07 07:57:39,Дрогобич,12015,True,119565,Chademo,80,1,FREE,,18
2026-09-07 07:57:39,Дрогобич,12015,True,119566,CCS2,80,1,FREE,,19
2026-09-07 07:57:39,Дрогобич,12015,True,119567,GBT DC,80,1,FREE,,19
2026-09-07 07:57:39,Дрогобич,12015,True,119568,Type2,22,1,FREE,,17
2026-09-07 09:50:10,Ралівка,12095,True,119867,Chademo,80,1,FREE,,16
2026-09-07 09:50:10,Ралівка,12095,True,119868,CCS2,120,3,FINISHING,,16
2026-09-07 09:50:10,Ралівка,12095,True,119869,GBT DC,120,1,FREE,,16
2026-09-07 09:50:10,Ралівка,12095,True,119870,Type2,22,1,FREE,,13
2026-09-07 09:50:10,Турка,30663,True,129119,Chademo,40,1,FREE,,24.49
2026-09-07 09:50:10,Турка,30663,True,129120,CCS2,40,1,FREE,,24.49
2026-09-07 09:50:10,Турка,30663,True,129121,Type2,22,4,OTHER/OFFLINE,,20.99
2026-09-07 09:50:10,Турка,30663,True,129122,Type1,7,4,OTHER/OFFLINE,,20.99
2026-09-07 09:50:10,Дрогобич,12015,True,119565,Chademo,80,4,OTHER/OFFLINE,,18
2026-09-07 09:50:10,Дрогобич,12015,True,119566,CCS2,80,4,OTHER/OFFLINE,,19
2026-09-07 09:50:10,Дрогобич,12015,True,119567,GBT DC,80,4,OTHER/OFFLINE,,19
2026-09-07 09:50:10,Дрогобич,12015,True,119568,Type2,22,1,FREE,,17
2026-09-07 13:58:53,Ралівка,12095,True,119867,Chademo,80,1,FREE,,16
2026-09-07 13:58:53,Ралівка,12095,True,119868,CCS2,120,1,FREE,,16
2026-09-07 13:58:53,Ралівка,12095,True,119869,GBT DC,120,1,FREE,,16
2026-09-07 13:58:53,Ралівка,12095,True,119870,Type2,22,1,FREE,,13
2026-09-07 13:58:53,Турка,30663,True,129119,Chademo,40,1,FREE,,24.49
2026-09-07 13:58:53,Турка,30663,True,129120,CCS2,40,1,FREE,,24.49
2026-09-07 13:58:53,Турка,30663,True,129121,Type2,22,4,OTHER/OFFLINE,,20.99
2026-09-07 13:58:53,Турка,30663,True,129122,Type1,7,4,OTHER/OFFLINE,,20.99
2026-09-07 13:58:53,Дрогобич,12015,True,119565,Chademo,80,1,FREE,,18
2026-09-07 13:58:53,Дрогобич,12015,True,119566,CCS2,80,1,FREE,,19
2026-09-07 13:58:53,Дрогобич,12015,True,119567,GBT DC,80,1,FREE,,19
2026-09-07 13:58:53,Дрогобич,12015,True,119568,Type2,22,1,FREE,,17
2026-09-07 15:23:39,Ралівка,12095,True,119867,Chademo,80,1,FREE,,16
2026-09-07 15:23:39,Ралівка,12095,True,119868,CCS2,120,1,FREE,,16
2026-09-07 15:23:39,Ралівка,12095,True,119869,GBT DC,120,1,FREE,,16
2026-09-07 15:23:39,Ралівка,12095,True,119870,Type2,22,1,FREE,,13
2026-09-07 15:23:39,Турка,30663,True,129119,Chademo,40,1,FREE,,24.49
2026-09-07 15:23:39,Турка,30663,True,129120,CCS2,40,1,FREE,,24.49
2026-09-07 15:23:39,Турка,30663,True,129121,Type2,22,4,OTHER/OFFLINE,,20.99
2026-09-07 15:23:39,Турка,30663,True,129122,Type1,7,4,OTHER/OFFLINE,,20.99
2026-09-07 15:23:39,Дрогобич,12015,True,119565,Chademo,80,1,FREE,,18
2026-09-07 15:23:39,Дрогобич,12015,True,119566,CCS2,80,1,FREE,,19
2026-09-07 15:23:39,Дрогобич,12015,True,119567,GBT DC,80,1,FREE,,19
2026-09-07 15:23:39,Дрогобич,12015,True,119568,Type2,22,1,FREE,,17
2026-09-07 18:36:05,Ралівка,12095,True,119867,Chademo,80,1,FREE,,16
2026-09-07 18:36:05,Ралівка,12095,True,119868,CCS2,120,1,FREE,,16
2026-09-07 18:36:05,Ралівка,12095,True,119869,GBT DC,120,1,FREE,,16
2026-09-07 18:36:05,Ралівка,12095,True,119870,Type2,22,1,FREE,,13
2026-09-07 18:36:05,Турка,30663,True,129119,Chademo,40,1,FREE,,24.49
2026-09-07 18:36:05,Турка,30663,True,129120,CCS2,40,1,FREE,,24.49
2026-09-07 18:36:05,Турка,30663,True,129121,Type2,22,4,OTHER/OFFLINE,,20.99
2026-09-07 18:36:05,Турка,30663,True,129122,Type1,7,4,OTHER/OFFLINE,,20.99
2026-09-07 18:36:05,Дрогобич,12015,True,119565,Chademo,80,1,FREE,,18
2026-09-07 18:36:05,Дрогобич,12015,True,119566,CCS2,80,1,FREE,,19
2026-09-07 18:36:05,Дрогобич,12015,True,119567,GBT DC,80,1,FREE,,19
2026-09-07 18:36:05,Дрогобич,12015,True,119568,Type2,22,1,FREE,,17
2026-09-07 19:20:14,Ралівка,12095,True,119867,Chademo,80,1,FREE,,16
2026-09-07 19:20:14,Ралівка,12095,True,119868,CCS2,120,1,FREE,,16
2026-09-07 19:20:14,Ралівка,12095,True,119869,GBT DC,120,1,FREE,,16
2026-09-07 19:20:14,Ралівка,12095,True,119870,Type2,22,1,FREE,,13
2026-09-07 19:20:14,Турка,30663,True,129119,Chademo,40,1,FREE,,24.49
2026-09-07 19:20:14,Турка,30663,True,129120,CCS2,40,1,FREE,,24.49
2026-09-07 19:20:14,Турка,30663,True,129121,Type2,22,4,OTHER/OFFLINE,,20.99
2026-09-07 19:20:14,Турка,30663,True,129122,Type1,7,4,OTHER/OFFLINE,,20.99
2026-09-07 19:20:14,Дрогобич,12015,True,119565,Chademo,80,1,FREE,,18
2026-09-07 19:20:14,Дрогобич,12015,True,119566,CCS2,80,1,FREE,,19
2026-09-07 19:20:14,Дрогобич,12015,True,119567,GBT DC,80,1,FREE,,19
2026-09-07 19:20:14,Дрогобич,12015,True,119568,Type2,22,3,FINISHING,,17
2026-09-07 21:54:38,Ралівка,12095,True,119867,Chademo,80,1,FREE,,16
2026-09-07 21:54:38,Ралівка,12095,True,119868,CCS2,120,1,FREE,,16
2026-09-07 21:54:38,Ралівка,12095,True,119869,GBT DC,120,1,FREE,,16
2026-09-07 21:54:38,Ралівка,12095,True,119870,Type2,22,1,FREE,,13
2026-09-07 21:54:38,Турка,30663,True,129119,Chademo,40,1,FREE,,24.49
2026-09-07 21:54:38,Турка,30663,True,129120,CCS2,40,1,FREE,,24.49
2026-09-07 21:54:38,Турка,30663,True,129121,Type2,22,4,OTHER/OFFLINE,,20.99
2026-09-07 21:54:38,Турка,30663,True,129122,Type1,7,4,OTHER/OFFLINE,,20.99
2026-09-07 21:54:38,Дрогобич,12015,True,119565,Chademo,80,1,FREE,,18
2026-09-07 21:54:38,Дрогобич,12015,True,119566,CCS2,80,1,FREE,,19
2026-09-07 21:54:38,Дрогобич,12015,True,119567,GBT DC,80,1,FREE,,19
2026-09-07 21:54:38,Дрогобич,12015,True,119568,Type2,22,1,FREE,,17
2026-09-07 22:09:02,Ралівка,12095,True,119867,Chademo,80,1,FREE,,16
2026-09-07 22:09:02,Ралівка,12095,True,119868,CCS2,120,1,FREE,,16
2026-09-07 22:09:02,Ралівка,12095,True,119869,GBT DC,120,1,FREE,,16
2026-09-07 22:09:02,Ралівка,12095,True,119870,Type2,22,1,FREE,,13
2026-09-07 22:09:02,Турка,30663,True,129119,Chademo,40,1,FREE,,24.49
2026-09-07 22:09:02,Турка,30663,True,129120,CCS2,40,1,FREE,,24.49
2026-09-07 22:09:02,Турка,30663,True,129121,Type2,22,4,OTHER/OFFLINE,,20.99
2026-09-07 22:09:02,Турка,30663,True,129122,Type1,7,4,OTHER/OFFLINE,,20.99
2026-09-07 22:09:02,Дрогобич,12015,True,119565,Chademo,80,1,FREE,,18
2026-09-07 22:09:02,Дрогобич,12015,True,119566,CCS2,80,1,FREE,,19
2026-09-07 22:09:02,Дрогобич,12015,True,119567,GBT DC,80,1,FREE,,19
2026-09-07 22:09:02,Дрогобич,12015,True,119568,Type2,22,1,FREE,,17
2026-09-07 23:59:37,Ралівка,12095,True,119867,Chademo,80,1,FREE,,16
2026-09-07 23:59:37,Ралівка,12095,True,119868,CCS2,120,1,FREE,,16
2026-09-07 23:59:37,Ралівка,12095,True,119869,GBT DC,120,1,FREE,,16
2026-09-07 23:59:37,Ралівка,12095,True,119870,Type2,22,1,FREE,,13
2026-09-07 23:59:37,Турка,30663,True,129119,Chademo,40,1,FREE,,24.49
2026-09-07 23:59:37,Турка,30663,True,129120,CCS2,40,1,FREE,,24.49
2026-09-07 23:59:37,Турка,30663,True,129121,Type2,22,4,OTHER/OFFLINE,,20.99
2026-09-07 23:59:37,Турка,30663,True,129122,Type1,7,4,OTHER/OFFLINE,,20.99
2026-09-07 23:59:37,Дрогобич,12015,True,119565,Chademo,80,1,FREE,,18
2026-09-07 23:59:37,Дрогобич,12015,True,119566,CCS2,80,1,FREE,,19
2026-09-07 23:59:37,Дрогобич,12015,True,119567,GBT DC,80,1,FREE,,19
2026-09-07 23:59:37,Дрогобич,12015,True,119568,Type2,22,1,FREE,,17
2026-09-08 00:25:43,Ралівка,12095,True,119867,Chademo,80,1,FREE,,16
2026-09-08 00:25:43,Ралівка,12095,True,119868,CCS2,120,1,FREE,,16
2026-09-08 00:25:43,Ралівка,12095,True,119869,GBT DC,120,1,FREE,,16
2026-09-08 00:25:43,Ралівка,12095,True,119870,Type2,22,1,FREE,,13
2026-09-08 00:25:43,Турка,30663,True,129119,Chademo,40,1,FREE,,24.49
2026-09-08 00:25:43,Турка,30663,True,129120,CCS2,40,1,FREE,,24.49
2026-09-08 00:25:43,Турка,30663,True,129121,Type2,22,4,OTHER/OFFLINE,,20.99
2026-09-08 00:25:43,Турка,30663,True,129122,Type1,7,4,OTHER/OFFLINE,,20.99
2026-09-08 00:25:43,Дрогобич,12015,True,119565,Chademo,80,1,FREE,,18
2026-09-08 00:25:43,Дрогобич,12015,True,119566,CCS2,80,1,FREE,,19
2026-09-08 00:25:43,Дрогобич,12015,True,119567,GBT DC,80,1,FREE,,19
2026-09-08 00:25:43,Дрогобич,12015,True,119568,Type2,22,1,FREE,,17
2026-09-08 03:18:53,Ралівка,12095,True,119867,Chademo,80,1,FREE,,16
2026-09-08 03:18:53,Ралівка,12095,True,119868,CCS2,120,1,FREE,,16
2026-09-08 03:18:53,Ралівка,12095,True,119869,GBT DC,120,1,FREE,,16
2026-09-08 03:18:53,Ралівка,12095,True,119870,Type2,22,1,FREE,,13
2026-09-08 03:18:53,Турка,30663,True,129119,Chademo,40,1,FREE,,24.49
2026-09-08 03:18:53,Турка,30663,True,129120,CCS2,40,1,FREE,,24.49
2026-09-08 03:18:53,Турка,30663,True,129121,Type2,22,4,OTHER/OFFLINE,,20.99
2026-09-08 03:18:53,Турка,30663,True,129122,Type1,7,4,OTHER/OFFLINE,,20.99
2026-09-08 03:18:53,Дрогобич,12015,True,119565,Chademo,80,1,FREE,,18
2026-09-08 03:18:53,Дрогобич,12015,True,119566,CCS2,80,1,FREE,,19
2026-09-08 03:18:53,Дрогобич,12015,True,119567,GBT DC,80,1,FREE,,19
2026-09-08 03:18:53,Дрогобич,12015,True,119568,Type2,22,1,FREE,,17
2026-09-08 05:04:39,Ралівка,12095,True,119867,Chademo,80,1,FREE,,16
2026-09-08 05:04:39,Ралівка,12095,True,119868,CCS2,120,1,FREE,,16
2026-09-08 05:04:39,Ралівка,12095,True,119869,GBT DC,120,1,FREE,,16
2026-09-08 05:04:39,Ралівка,12095,True,119870,Type2,22,1,FREE,,13
2026-09-08 05:04:39,Турка,30663,True,129119,Chademo,40,1,FREE,,24.49
2026-09-08 05:04:39,Турка,30663,True,129120,CCS2,40,1,FREE,,24.49
2026-09-08 05:04:39,Турка,30663,True,129121,Type2,22,4,OTHER/OFFLINE,,20.99
2026-09-08 05:04:39,Турка,30663,True,129122,Type1,7,4,OTHER/OFFLINE,,20.99
2026-09-08 05:04:39,Дрогобич,12015,True,119565,Chademo,80,1,FREE,,18
2026-09-08 05:04:39,Дрогобич,12015,True,119566,CCS2,80,1,FREE,,19
2026-09-08 05:04:39,Дрогобич,12015,True,119567,GBT DC,80,1,FREE,,19
2026-09-08 05:04:39,Дрогобич,12015,True,119568,Type2,22,1,FREE,,17
2026-09-08 08:36:49,Ралівка,12095,True,119867,Chademo,80,1,FREE,,16
2026-09-08 08:36:49,Ралівка,12095,True,119868,CCS2,120,1,FREE,,16
2026-09-08 08:36:49,Ралівка,12095,True,119869,GBT DC,120,1,FREE,,16
2026-09-08 08:36:49,Ралівка,12095,True,119870,Type2,22,1,FREE,,13
2026-09-08 08:36:49,Турка,30663,True,129119,Chademo,40,1,FREE,,24.49
2026-09-08 08:36:49,Турка,30663,True,129120,CCS2,40,1,FREE,,24.49
2026-09-08 08:36:49,Турка,30663,True,129121,Type2,22,4,OTHER/OFFLINE,,20.99
2026-09-08 08:36:49,Турка,30663,True,129122,Type1,7,4,OTHER/OFFLINE,,20.99
2026-09-08 08:36:49,Дрогобич,12015,True,119565,Chademo,80,1,FREE,,18
2026-09-08 08:36:49,Дрогобич,12015,True,119566,CCS2,80,1,FREE,,19
2026-09-08 08:36:49,Дрогобич,12015,True,119567,GBT DC,80,1,FREE,,19
2026-09-08 08:36:49,Дрогобич,12015,True,119568,Type2,22,1,FREE,,17
2026-09-08 09:37:09,Ралівка,12095,True,119867,Chademo,80,1,FREE,,16
2026-09-08 09:37:09,Ралівка,12095,True,119868,CCS2,120,3,FINISHING,91,16
2026-09-08 09:37:09,Ралівка,12095,True,119869,GBT DC,120,1,FREE,,16
2026-09-08 09:37:09,Ралівка,12095,True,119870,Type2,22,1,FREE,,13
2026-09-08 09:37:09,Турка,30663,True,129119,Chademo,40,1,FREE,,24.49
2026-09-08 09:37:09,Турка,30663,True,129120,CCS2,40,1,FREE,,24.49
2026-09-08 09:37:09,Турка,30663,True,129121,Type2,22,4,OTHER/OFFLINE,,20.99
2026-09-08 09:37:09,Турка,30663,True,129122,Type1,7,4,OTHER/OFFLINE,,20.99
2026-09-08 09:37:09,Дрогобич,12015,True,119565,Chademo,80,1,FREE,,18
2026-09-08 09:37:09,Дрогобич,12015,True,119566,CCS2,80,1,FREE,,19
2026-09-08 09:37:09,Дрогобич,12015,True,119567,GBT DC,80,1,FREE,,19
2026-09-08 09:37:09,Дрогобич,12015,True,119568,Type2,22,1,FREE,,17
2026-09-08 13:19:50,Ралівка,12095,True,119867,Chademo,80,1,FREE,,16
2026-09-08 13:19:50,Ралівка,12095,True,119868,CCS2,120,1,FREE,,16
2026-09-08 13:19:50,Ралівка,12095,True,119869,GBT DC,120,1,FREE,,16
2026-09-08 13:19:50,Ралівка,12095,True,119870,Type2,22,1,FREE,,13
2026-09-08 13:19:50,Турка,30663,True,129119,Chademo,40,1,FREE,,24.49
2026-09-08 13:19:50,Турка,30663,True,129120,CCS2,40,1,FREE,,24.49
2026-09-08 13:19:50,Турка,30663,True,129121,Type2,22,4,OTHER/OFFLINE,,20.99
2026-09-08 13:19:50,Турка,30663,True,129122,Type1,7,4,OTHER/OFFLINE,,20.99
2026-09-08 13:19:50,Дрогобич,12015,True,119565,Chademo,80,1,FREE,,18
2026-09-08 13:19:50,Дрогобич,12015,True,119566,CCS2,80,1,FREE,,19
2026-09-08 13:19:50,Дрогобич,12015,True,119567,GBT DC,80,1,FREE,,19
2026-09-08 13:19:50,Дрогобич,12015,True,119568,Type2,22,1,FREE,,17
2026-09-08 13:52:30,Ралівка,12095,True,119867,Chademo,80,1,FREE,,16
2026-09-08 13:52:30,Ралівка,12095,True,119868,CCS2,120,1,FREE,,16
2026-09-08 13:52:30,Ралівка,12095,True,119869,GBT DC,120,1,FREE,,16
2026-09-08 13:52:30,Ралівка,12095,True,119870,Type2,22,1,FREE,,13
2026-09-08 13:52:30,Турка,30663,True,129119,Chademo,40,1,FREE,,24.49
2026-09-08 13:52:30,Турка,30663,True,129120,CCS2,40,1,FREE,,24.49
2026-09-08 13:52:30,Турка,30663,True,129121,Type2,22,4,OTHER/OFFLINE,,20.99
2026-09-08 13:52:30,Турка,30663,True,129122,Type1,7,4,OTHER/OFFLINE,,20.99
2026-09-08 13:52:30,Дрогобич,12015,True,119565,Chademo,80,4,OTHER/OFFLINE,,18
2026-09-08 13:52:30,Дрогобич,12015,True,119566,CCS2,80,3,FINISHING,16,19
2026-09-08 13:52:30,Дрогобич,12015,True,119567,GBT DC,80,4,OTHER/OFFLINE,,19
2026-09-08 13:52:30,Дрогобич,12015,True,119568,Type2,22,1,FREE,,17
2026-09-08 17:44:41,Ралівка,12095,True,119867,Chademo,80,1,FREE,,16
2026-09-08 17:44:41,Ралівка,12095,True,119868,CCS2,120,1,FREE,,16
2026-09-08 17:44:41,Ралівка,12095,True,119869,GBT DC,120,1,FREE,,16
2026-09-08 17:44:41,Ралівка,12095,True,119870,Type2,22,1,FREE,,13
2026-09-08 17:44:41,Турка,30663,True,129119,Chademo,40,1,FREE,,24.49
2026-09-08 17:44:41,Турка,30663,True,129120,CCS2,40,1,FREE,,24.49
2026-09-08 17:44:41,Турка,30663,True,129121,Type2,22,4,OTHER/OFFLINE,,20.99
2026-09-08 17:44:41,Турка,30663,True,129122,Type1,7,4,OTHER/OFFLINE,,20.99
2026-09-08 17:44:41,Дрогобич,12015,True,119565,Chademo,80,4,OTHER/OFFLINE,,18
2026-09-08 17:44:41,Дрогобич,12015,True,119566,CCS2,80,3,FINISHING,62,19
2026-09-08 17:44:41,Дрогобич,12015,True,119567,GBT DC,80,4,OTHER/OFFLINE,,19
2026-09-08 17:44:41,Дрогобич,12015,True,119568,Type2,22,1,FREE,,17
2026-09-08 17:45:25,Ралівка,12095,True,119867,Chademo,80,1,FREE,,16
2026-09-08 17:45:25,Ралівка,12095,True,119868,CCS2,120,1,FREE,,16
2026-09-08 17:45:25,Ралівка,12095,True,119869,GBT DC,120,1,FREE,,16
2026-09-08 17:45:25,Ралівка,12095,True,119870,Type2,22,1,FREE,,13
2026-09-08 17:45:25,Турка,30663,True,129119,Chademo,40,1,FREE,,24.49
2026-09-08 17:45:25,Турка,30663,True,129120,CCS2,40,1,FREE,,24.49
2026-09-08 17:45:25,Турка,30663,True,129121,Type2,22,4,OTHER/OFFLINE,,20.99
2026-09-08 17:45:25,Турка,30663,True,129122,Type1,7,4,OTHER/OFFLINE,,20.99
2026-09-08 17:45:25,Дрогобич,12015,True,119565,Chademo,80,4,OTHER/OFFLINE,,18
2026-09-08 17:45:25,Дрогобич,12015,True,119566,CCS2,80,3,FINISHING,62,19
2026-09-08 17:45:25,Дрогобич,12015,True,119567,GBT DC,80,4,OTHER/OFFLINE,,19
2026-09-08 17:45:25,Дрогобич,12015,True,119568,Type2,22,1,FREE,,17
2026-09-08 20:20:01,Ралівка,12095,True,119867,Chademo,80,1,FREE,,16
2026-09-08 20:20:01,Ралівка,12095,True,119868,CCS2,120,1,FREE,,16
2026-09-08 20:20:01,Ралівка,12095,True,119869,GBT DC,120,1,FREE,,16
2026-09-08 20:20:01,Ралівка,12095,True,119870,Type2,22,1,FREE,,13
2026-09-08 20:20:01,Турка,30663,True,129119,Chademo,40,1,FREE,,24.49
2026-09-08 20:20:01,Турка,30663,True,129120,CCS2,40,1,FREE,,24.49
2026-09-08 20:20:01,Турка,30663,True,129121,Type2,22,4,OTHER/OFFLINE,,20.99
2026-09-08 20:20:01,Турка,30663,True,129122,Type1,7,4,OTHER/OFFLINE,,20.99
2026-09-08 20:20:01,Дрогобич,12015,True,119565,Chademo,80,1,FREE,,18
2026-09-08 20:20:01,Дрогобич,12015,True,119566,CCS2,80,1,FREE,,19
2026-09-08 20:20:01,Дрогобич,12015,True,119567,GBT DC,80,1,FREE,,19
2026-09-08 20:20:01,Дрогобич,12015,True,119568,Type2,22,1,FREE,,17
2026-09-08 20:44:43,Ралівка,12095,True,119867,Chademo,80,1,FREE,,16
2026-09-08 20:44:43,Ралівка,12095,True,119868,CCS2,120,1,FREE,,16
2026-09-08 20:44:43,Ралівка,12095,True,119869,GBT DC,120,1,FREE,,16
2026-09-08 20:44:43,Ралівка,12095,True,119870,Type2,22,1,FREE,,13
2026-09-08 20:44:43,Турка,30663,True,129119,Chademo,40,1,FREE,,24.49
2026-09-08 20:44:43,Турка,30663,True,129120,CCS2,40,1,FREE,,24.49
2026-09-08 20:44:43,Турка,30663,True,129121,Type2,22,4,OTHER/OFFLINE,,20.99
2026-09-08 20:44:43,Турка,30663,True,129122,Type1,7,4,OTHER/OFFLINE,,20.99
2026-09-08 20:44:43,Дрогобич,12015,True,119565,Chademo,80,4,OTHER/OFFLINE,,18
2026-09-08 20:44:43,Дрогобич,12015,True,119566,CCS2,80,3,FINISHING,16,19
2026-09-08 20:44:43,Дрогобич,12015,True,119567,GBT DC,80,4,OTHER/OFFLINE,,19
2026-09-08 20:44:43,Дрогобич,12015,True,119568,Type2,22,1,FREE,,17
2026-09-08 22:48:35,Ралівка,12095,True,119867,Chademo,80,1,FREE,,16
2026-09-08 22:48:35,Ралівка,12095,True,119868,CCS2,120,1,FREE,,16
2026-09-08 22:48:35,Ралівка,12095,True,119869,GBT DC,120,1,FREE,,16
2026-09-08 22:48:35,Ралівка,12095,True,119870,Type2,22,1,FREE,,13
2026-09-08 22:48:35,Турка,30663,True,129119,Chademo,40,1,FREE,,24.49
2026-09-08 22:48:35,Турка,30663,True,129120,CCS2,40,1,FREE,,24.49
2026-09-08 22:48:35,Турка,30663,True,129121,Type2,22,4,OTHER/OFFLINE,,20.99
2026-09-08 22:48:35,Турка,30663,True,129122,Type1,7,4,OTHER/OFFLINE,,20.99
2026-09-08 22:48:35,Дрогобич,12015,True,119565,Chademo,80,1,FREE,,18
2026-09-08 22:48:35,Дрогобич,12015,True,119566,CCS2,80,1,FREE,,19
2026-09-08 22:48:35,Дрогобич,12015,True,119567,GBT DC,80,1,FREE,,19
2026-09-08 22:48:35,Дрогобич,12015,True,119568,Type2,22,1,FREE,,17
2026-09-08 23:11:33,Ралівка,12095,True,119867,Chademo,80,1,FREE,,16
2026-09-08 23:11:33,Ралівка,12095,True,119868,CCS2,120,1,FREE,,16
2026-09-08 23:11:33,Ралівка,12095,True,119869,GBT DC,120,1,FREE,,16
2026-09-08 23:11:33,Ралівка,12095,True,119870,Type2,22,1,FREE,,13
2026-09-08 23:11:33,Турка,30663,True,129119,Chademo,40,1,FREE,,24.49
2026-09-08 23:11:33,Турка,30663,True,129120,CCS2,40,1,FREE,,24.49
2026-09-08 23:11:33,Турка,30663,True,129121,Type2,22,4,OTHER/OFFLINE,,20.99
2026-09-08 23:11:33,Турка,30663,True,129122,Type1,7,4,OTHER/OFFLINE,,20.99
2026-09-08 23:11:33,Дрогобич,12015,True,119565,Chademo,80,1,FREE,,18
2026-09-08 23:11:33,Дрогобич,12015,True,119566,CCS2,80,1,FREE,,19
2026-09-08 23:11:33,Дрогобич,12015,True,119567,GBT DC,80,1,FREE,,19
2026-09-08 23:11:33,Дрогобич,12015,True,119568,Type2,22,1,FREE,,17
2026-09-09 00:45:11,Ралівка,12095,True,119867,Chademo,80,1,FREE,,16
2026-09-09 00:45:11,Ралівка,12095,True,119868,CCS2,120,1,FREE,,16
2026-09-09 00:45:11,Ралівка,12095,True,119869,GBT DC,120,1,FREE,,16
2026-09-09 00:45:11,Ралівка,12095,True,119870,Type2,22,1,FREE,,13
2026-09-09 00:45:11,Турка,30663,True,129119,Chademo,40,1,FREE,,24.49
2026-09-09 00:45:11,Турка,30663,True,129120,CCS2,40,1,FREE,,24.49
2026-09-09 00:45:11,Турка,30663,True,129121,Type2,22,4,OTHER/OFFLINE,,20.99
2026-09-09 00:45:11,Турка,30663,True,129122,Type1,7,4,OTHER/OFFLINE,,20.99
2026-09-09 00:45:11,Дрогобич,12015,True,119565,Chademo,80,1,FREE,,18
2026-09-09 00:45:11,Дрогобич,12015,True,119566,CCS2,80,1,FREE,,19
2026-09-09 00:45:11,Дрогобич,12015,True,119567,GBT DC,80,1,FREE,,19
2026-09-09 00:45:11,Дрогобич,12015,True,119568,Type2,22,1,FREE,,17
2026-09-09 03:11:37,Ралівка,12095,True,119867,Chademo,80,1,FREE,,16
2026-09-09 03:11:37,Ралівка,12095,True,119868,CCS2,120,1,FREE,,16
2026-09-09 03:11:37,Ралівка,12095,True,119869,GBT DC,120,1,FREE,,16
2026-09-09 03:11:37,Ралівка,12095,True,119870,Type2,22,1,FREE,,13
2026-09-09 03:11:37,Турка,30663,True,129119,Chademo,40,1,FREE,,24.49
2026-09-09 03:11:37,Турка,30663,True,129120,CCS2,40,1,FREE,,24.49
2026-09-09 03:11:37,Турка,30663,True,129121,Type2,22,4,OTHER/OFFLINE,,20.99
2026-09-09 03:11:37,Турка,30663,True,129122,Type1,7,4,OTHER/OFFLINE,,20.99
2026-09-09 03:11:37,Дрогобич,12015,True,119565,Chademo,80,1,FREE,,18
2026-09-09 03:11:37,Дрогобич,12015,True,119566,CCS2,80,1,FREE,,19
2026-09-09 03:11:37,Дрогобич,12015,True,119567,GBT DC,80,1,FREE,,19
2026-09-09 03:11:37,Дрогобич,12015,True,119568,Type2,22,1,FREE,,17
2026-09-09 05:23:49,Ралівка,12095,True,119867,Chademo,80,1,FREE,,16
2026-09-09 05:23:49,Ралівка,12095,True,119868,CCS2,120,1,FREE,,16
2026-09-09 05:23:49,Ралівка,12095,True,119869,GBT DC,120,1,FREE,,16
2026-09-09 05:23:49,Ралівка,12095,True,119870,Type2,22,1,FREE,,13
2026-09-09 05:23:49,Турка,30663,True,129119,Chademo,40,1,FREE,,24.49
2026-09-09 05:23:49,Турка,30663,True,129120,CCS2,40,1,FREE,,24.49
2026-09-09 05:23:49,Турка,30663,True,129121,Type2,22,4,OTHER/OFFLINE,,20.99
2026-09-09 05:23:49,Турка,30663,True,129122,Type1,7,4,OTHER/OFFLINE,,20.99
2026-09-09 05:23:49,Дрогобич,12015,True,119565,Chademo,80,3,FINISHING,72,18
2026-09-09 05:23:49,Дрогобич,12015,True,119566,CCS2,80,4,OTHER/OFFLINE,,19
2026-09-09 05:23:49,Дрогобич,12015,True,119567,GBT DC,80,4,OTHER/OFFLINE,,19
2026-09-09 05:23:49,Дрогобич,12015,True,119568,Type2,22,1,FREE,,17
2026-09-09 08:38:42,Ралівка,12095,True,119867,Chademo,80,3,FINISHING,,14.08
2026-09-09 08:38:42,Ралівка,12095,True,119868,CCS2,120,1,FREE,,15.52
2026-09-09 08:38:42,Ралівка,12095,True,119869,GBT DC,120,2,CHARGING,65,16.8
2026-09-09 08:38:42,Ралівка,12095,True,119870,Type2,22,2,CHARGING,75,11.18
2026-09-09 08:38:42,Турка,30663,True,129119,Chademo,40,1,FREE,,29.14
2026-09-09 08:38:42,Турка,30663,True,129120,CCS2,40,2,CHARGING,87,28.16
2026-09-09 08:38:42,Турка,30663,True,129121,Type2,22,1,FREE,,21.2
2026-09-09 08:38:42,Турка,30663,True,129122,Type1,7,2,CHARGING,39,23.93
2026-09-09 08:38:42,Дрогобич,12015,True,119565,Chademo,80,3,FINISHING,,21.78
2026-09-09 08:38:42,Дрогобич,12015,True,119566,CCS2,80,3,FINISHING,,21.85
2026-09-09 08:38:42,Дрогобич,12015,True,119567,GBT DC,80,4,OTHER/OFFLINE,,17.29
2026-09-09 08:38:42,Дрогобич,12015,True,119568,Type2,22,2,CHARGING,50,17
2026-09-09 10:00:20,Ралівка,12095,True,119867,Chademo,80,2,CHARGING,69,18.56
2026-09-09 10:00:20,Ралівка,12095,True,119868,CCS2,120,4,OTHER/OFFLINE,,14.56
2026-09-09 10:00:20,Ралівка,12095,True,119869,GBT DC,120,4,OTHER/OFFLINE,,17.6
2026-09-09 10:00:20,Ралівка,12095,True,119870,Type2,22,2,CHARGING,64,14.17
2026-09-09 10:00:20,Турка,30663,True,129119,Chademo,40,1,FREE,,23.76
2026-09-09 10:00:20,Турка,30663,True,129120,CCS2,40,1,FREE,,30.12
2026-09-09 10:00:20,Турка,30663,True,129121,Type2,22,2,CHARGING,40,21.83
2026-09-09 10:00:20,Турка,30663,True,129122,Type1,7,1,FREE,,18.89
2026-09-09 10:00:20,Дрогобич,12015,True,119565,Chademo,80,1,FREE,,18.54
2026-09-09 10:00:20,Дрогобич,12015,True,119566,CCS2,80,2,CHARGING,30,22.04
2026-09-09 10:00:20,Дрогобич,12015,True,119567,GBT DC,80,1,FREE,,18.43
2026-09-09 10:00:20,Дрогобич,12015,True,119568,Type2,22,2,CHARGING,33,18.36
2026-09-09 13:25:15,Ралівка,12095,True,119867,Chademo,80,2,CHARGING,80,14.88
2026-09-09 13:25:15,Ралівка,12095,True,119868,CCS2,120,1,FREE,,14.4
2026-09-09 13:25:15,Ралівка,12095,True,119869,GBT DC,120,2,CHARGING,63,18.88
2026-09-09 13:25:15,Ралівка,12095,True,119870,Type2,22,2,CHARGING,49,14.56
2026-09-09 13:25:15,Турка,30663,True,129119,Chademo,40,2,CHARGING,86,24.25
2026-09-09 13:25:15,Турка,30663,True,129120,CCS2,40,2,CHARGING,65,28.65
2026-09-09 13:25:15,Турка,30663,True,129121,Type2,22,3,FINISHING,,22.46
2026-09-09 13:25:15,Турка,30663,True,129122,Type1,7,2,CHARGING,65,24.35
2026-09-09 13:25:15,Дрогобич,12015,True,119565,Chademo,80,2,CHARGING,63,17.28
2026-09-09 13:25:15,Дрогобич,12015,True,119566,CCS2,80,2,CHARGING,19,16.34
2026-09-09 13:25:15,Дрогобич,12015,True,119567,GBT DC,80,1,FREE,,21.85
2026-09-09 13:25:15,Дрогобич,12015,True,119568,Type2,22,2,CHARGING,44,18.19
2026-09-09 14:28:17,Ралівка,12095,True,119867,Chademo,80,4,OTHER/OFFLINE,,18.4
2026-09-09 14:28:17,Ралівка,12095,True,119868,CCS2,120,1,FREE,,16.32
2026-09-09 14:28:17,Ралівка,12095,True,119869,GBT DC,120,4,OTHER/OFFLINE,,18.08
2026-09-09 14:28:17,Ралівка,12095,True,119870,Type2,22,1,FREE,,13.26
2026-09-09 14:28:17,Турка,30663,True,129119,Chademo,40,1,FREE,,28.9
2026-09-09 14:28:17,Турка,30663,True,129120,CCS2,40,4,OTHER/OFFLINE,,30.61
2026-09-09 14:28:17,Турка,30663,True,129121,Type2,22,2,CHARGING,66,20.15
2026-09-09 14:28:17,Турка,30663,True,129122,Type1,7,2,CHARGING,50,24.35
2026-09-09 14:28:17,Дрогобич,12015,True,119565,Chademo,80,2,CHARGING,80,19.26
2026-09-09 14:28:17,Дрогобич,12015,True,119566,CCS2,80,2,CHARGING,56,23.75
2026-09-09 14:28:17,Дрогобич,12015,True,119567,GBT DC,80,1,FREE,,20.9
2026-09-09 14:28:17,Дрогобич,12015,True,119568,Type2,22,1,FREE,,17.17
2026-09-09 17:34:24,Ралівка,12095,True,119867,Chademo,80,2,CHARGING,37,19.36
2026-09-09 17:34:24,Ралівка,12095,True,119868,CCS2,120,2,CHARGING,54,17.44
2026-09-09 17:34:24,Ралівка,12095,True,119869,GBT DC,120,2,CHARGING,26,14.56
2026-09-09 17:34:24,Ралівка,12095,True,119870,Type2,22,1,FREE,,13.52
2026-09-09 17:34:24,Турка,30663,True,129119,Chademo,40,1,FREE,,24
2026-09-09 17:34:24,Турка,30663,True,129120,CCS2,40,2,CHARGING,88,29.14
2026-09-09 17:34:24,Турка,30663,True,129121,Type2,22,3,FINISHING,,23.3
2026-09-09 17:34:24,Турка,30663,True,129122,Type1,7,2,CHARGING,28,21.83
2026-09-09 17:34:24,Дрогобич,12015,True,119565,Chademo,80,1,FREE,,21.24
2026-09-09 17:34:24,Дрогобич,12015,True,119566,CCS2,80,1,FREE,,17.67
2026-09-09 17:34:24,Дрогобич,12015,True,119567,GBT DC,80,2,CHARGING,70,21.85
2026-09-09 17:34:24,Дрогобич,12015,True,119568,Type2,22,1,FREE,,19.21
2026-09-09 17:56:50,Ралівка,12095,True,119867,Chademo,80,2,CHARGING,42,14.72
2026-09-09 17:56:50,Ралівка,12095,True,119868,CCS2,120,4,OTHER/OFFLINE,,19.36
2026-09-09 17:56:50,Ралівка,12095,True,119869,GBT DC,120,2,CHARGING,37,16.48
2026-09-09 17:56:50,Ралівка,12095,True,119870,Type2,22,2,CHARGING,35,11.83
2026-09-09 17:56:50,Турка,30663,True,129119,Chademo,40,2,CHARGING,56,29.63
2026-09-09 17:56:50,Турка,30663,True,129120,CCS2,40,2,CHARGING,75,24.49
2026-09-09 17:56:50,Турка,30663,True,129121,Type2,22,3,FINISHING,,20.36
2026-09-09 17:56:50,Турка,30663,True,129122,Type1,7,2,CHARGING,79,21.2
2026-09-09 17:56:50,Дрогобич,12015,True,119565,Chademo,80,3,FINISHING,,19.44
2026-09-09 17:56:50,Дрогобич,12015,True,119566,CCS2,80,2,CHARGING,29,20.33
2026-09-09 17:56:50,Дрогобич,12015,True,119567,GBT DC,80,3,FINISHING,,21.47
2026-09-09 17:56:50,Дрогобич,12015,True,119568,Type2,22,1,FREE,,17.34
2026-09-09 20:26:53,Ралівка,12095,True,119867,Chademo,80,3,FINISHING,,13.92
2026-09-09 20:26:53,Ралівка,12095,True,119868,CCS2,120,2,CHARGING,69,19.04
2026-09-09 20:26:53,Ралівка,12095,True,119869,GBT DC,120,2,CHARGING,69,18.08
2026-09-09 20:26:53,Ралівка,12095,True,119870,Type2,22,1,FREE,,11.7
2026-09-09 20:26:53,Турка,30663,True,129119,Chademo,40,2,CHARGING,84,26.45
2026-09-09 20:26:53,Турка,30663,True,129120,CCS2,40,4,OTHER/OFFLINE,,24
2026-09-09 20:26:53,Турка,30663,True,129121,Type2,22,3,FINISHING,,18.68
2026-09-09 20:26:53,Турка,30663,True,129122,Type1,7,1,FREE,,21.83
2026-09-09 20:26:53,Дрогобич,12015,True,119565,Chademo,80,1,FREE,,15.66
2026-09-09 20:26:53,Дрогобич,12015,True,119566,CCS2,80,1,FREE,,21.66
2026-09-09 20:26:53,Дрогобич,12015,True,119567,GBT DC,80,2,CHARGING,29,19.76
2026-09-09 20:26:53,Дрогобич,12015,True,119568,Type2,22,1,FREE,,17
2026-09-09 20:51:29,Ралівка,12095,True,119867,Chademo,80,3,FINISHING,,19.84
2026-09-09 20:51:29,Ралівка,12095,True,119868,CCS2,120,2,CHARGING,59,16.64
2026-09-09 20:51:29,Ралівка,12095,True,119869,GBT DC,120,2,CHARGING,79,19.68
2026-09-09 20:51:29,Ралівка,12095,True,119870,Type2,22,1,FREE,,13.13
2026-09-09 20:51:29,Турка,30663,True,129119,Chademo,40,1,FREE,,30.37
2026-09-09 20:51:29,Турка,30663,True,129120,CCS2,40,1,FREE,,23.51
2026-09-09 20:51:29,Турка,30663,True,129121,Type2,22,1,FREE,,23.51
2026-09-09 20:51:29,Турка,30663,True,129122,Type1,7,2,CHARGING,41,22.88
2026-09-09 20:51:29,Дрогобич,12015,True,119565,Chademo,80,1,FREE,,16.2
2026-09-09 20:51:29,Дрогобич,12015,True,119566,CCS2,80,1,FREE,,20.14
2026-09-09 20:51:29,Дрогобич,12015,True,119567,GBT DC,80,1,FREE,,23.56
2026-09-09 20:51:29,Дрогобич,12015,True,119568,Type2,22,2,CHARGING,40,18.02
2026-09-09 22:52:12,Ралівка,12095,True,119867,Chademo,80,2,CHARGING,42,17.76
2026-09-09 22:52:12,Ралівка,12095,True,119868,CCS2,120,1,FREE,,13.92
2026-09-09 22:52:12,Ралівка,12095,True,119869,GBT DC,120,1,FREE,,14.24
2026-09-09 22:52:12,Ралівка,12095,True,119870,Type2,22,4,OTHER/OFFLINE,,12.74
2026-09-09 22:52:12,Турка,30663,True,129119,Chademo,40,1,FREE,,24.73
2026-09-09 22:52:12,Турка,30663,True,129120,CCS2,40,3,FINISHING,,29.63
2026-09-09 22:52:12,Турка,30663,True,129121,Type2,22,1,FREE,,19.31
2026-09-09 22:52:12,Турка,30663,True,129122,Type1,7,1,FREE,,23.09
2026-09-09 22:52:12,Дрогобич,12015,True,119565,Chademo,80,1,FREE,,22.5
2026-09-09 22:52:12,Дрогобич,12015,True,119566,CCS2,80,1,FREE,,20.14
2026-09-09 22:52:12,Дрогобич,12015,True,119567,GBT DC,80,2,CHARGING,21,17.67
2026-09-09 22:52:12,Дрогобич,12015,True,119568,Type2,22,3,FINISHING,,17.51
2026-09-09 22:56:18,Ралівка,12095,True,119867,Chademo,80,2,CHARGING,42,17.76
2026-09-09 22:56:18,Ралівка,12095,True,119868,CCS2,120,1,FREE,,13.92
2026-09-09 22:56:18,Ралівка,12095,True,119869,GBT DC,120,1,FREE,,14.24
2026-09-09 22:56:18,Ралівка,12095,True,119870,Type2,22,4,OTHER/OFFLINE,,12.74
2026-09-09 22:56:18,Турка,30663,True,129119,Chademo,40,1,FREE,,24.73
2026-09-09 22:56:18,Турка,30663,True,129120,CCS2,40,3,FINISHING,,29.63
2026-09-09 22:56:18,Турка,30663,True,129121,Type2,22,1,FREE,,19.31
2026-09-09 22:56:18,Турка,30663,True,129122,Type1,7,1,FREE,,23.09
2026-09-09 22:56:18,Дрогобич,12015,True,119565,Chademo,80,1,FREE,,22.5
2026-09-09 22:56:18,Дрогобич,12015,True,119566,CCS2,80,1,FREE,,20.14
2026-09-09 22:56:18,Дрогобич,12015,True,119567,GBT DC,80,2,CHARGING,21,17.67
2026-09-09 22:56:18,Дрогобич,12015,True,119568,Type2,22,3,FINISHING,,17.51
2026-09-10 00:47:59,Ралівка,12095,True,119867,Chademo,80,3,FINISHING,,15.84
2026-09-10 00:47:59,Ралівка,12095,True,119868,CCS2,120,3,FINISHING,,17.12
2026-09-10 00:47:59,Ралівка,12095,True,119869,GBT DC,120,1,FREE,,16.96
2026-09-10 00:47:59,Ралівка,12095,True,119870,Type2,22,2,CHARGING,42,15.6
2026-09-10 00:47:59,Турка,30663,True,129119,Chademo,40,1,FREE,,26.2
2026-09-10 00:47:59,Турка,30663,True,129120,CCS2,40,4,OTHER/OFFLINE,,26.2
2026-09-10 00:47:59,Турка,30663,True,129121,Type2,22,2,CHARGING,86,24.56
2026-09-10 00:47:59,Турка,30663,True,129122,Type1,7,2,CHARGING,54,22.88
2026-09-10 00:47:59,Дрогобич,12015,True,119565,Chademo,80,2,CHARGING,72,15.66
2026-09-10 00:47:59,Дрогобич,12015,True,119566,CCS2,80,2,CHARGING,28,23.37
2026-09-10 00:47:59,Дрогобич,12015,True,119567,GBT DC,80,2,CHARGING,88,23.56
2026-09-10 00:47:59,Дрогобич,12015,True,119568,Type2,22,3,FINISHING,,20.57
2026-09-10 00:50:51,Ралівка,12095,True,119867,Chademo,80,3,FINISHING,,15.84
2026-09-10 00:50:51,Ралівка,12095,True,119868,CCS2,120,3,FINISHING,,17.12
2026-09-10 00:50:51,Ралівка,12095,True,119869,GBT DC,120,1,FREE,,16.96
2026-09-10 00:50:51,Ралівка,12095,True,119870,Type2,22,2,CHARGING,42,15.6
2026-09-10 00:50:51,Турка,30663,True,129119,Chademo,40,1,FREE,,26.2
2026-09-10 00:50:51,Турка,30663,True,129120,CCS2,40,4,OTHER/OFFLINE,,26.2
2026-09-10 00:50:51,Турка,30663,True,129121,Type2,22,2,CHARGING,86,24.56
2026-09-10 00:50:51,Турка,30663,True,129122,Type1,7,2,CHARGING,54,22.88
2026-09-10 00:50:51,Дрогобич,12015,True,119565,Chademo,80,2,CHARGING,72,15.66
2026-09-10 00:50:51,Дрогобич,12015,True,119566,CCS2,80,2,CHARGING,28,23.37
2026-09-10 00:50:51,Дрогобич,12015,True,119567,GBT DC,80,2,CHARGING,88,23.56
2026-09-10 00:50:51,Дрогобич,12015,True,119568,Type2,22,3,FINISHING,,20.57
2026-09-10 05:22:50,Ралівка,12095,True,119867,Chademo,80,2,CHARGING,27,20
2026-09-10 05:22:50,Ралівка,12095,True,119868,CCS2,120,4,OTHER/OFFLINE,,19.04
2026-09-10 05:22:50,Ралівка,12095,True,119869,GBT DC,120,1,FREE,,19.84
2026-09-10 05:22:50,Ралівка,12095,True,119870,Type2,22,1,FREE,,13.52
2026-09-10 05:22:50,Турка,30663,True,129119,Chademo,40,4,OTHER/OFFLINE,,30.61
2026-09-10 05:22:50,Турка,30663,True,129120,CCS2,40,3,FINISHING,,21.8
2026-09-10 05:22:50,Турка,30663,True,129121,Type2,22,2,CHARGING,38,20.78
2026-09-10 05:22:50,Турка,30663,True,129122,Type1,7,1,FREE,,17.84
2026-09-10 05:22:50,Дрогобич,12015,True,119565,Chademo,80,1,FREE,,22.32
2026-09-10 05:22:50,Дрогобич,12015,True,119566,CCS2,80,4,OTHER/OFFLINE,,20.9
2026-09-10 05:22:50,Дрогобич,12015,True,119567,GBT DC,80,2,CHARGING,88,20.71
2026-09-10 05:22:50,Дрогобич,12015,True,119568,Type2,22,2,CHARGING,47,17
2026-09-10 05:36:56,Ралівка,12095,True,119867,Chademo,80,2,CHARGING,36,18.56
2026-09-10 05:36:56,Ралівка,12095,True,119868,CCS2,120,1,FREE,,19.2
2026-09-10 05:36:56,Ралівка,12095,True,119869,GBT DC,120,2,CHARGING,15,16
2026-09-10 05:36:56,Ралівка,12095,True,119870,Type2,22,3,FINISHING,,11.18
2026-09-10 05:36:56,Турка,30663,True,129119,Chademo,40,3,FINISHING,,25.47
2026-09-10 05:36:56,Турка,30663,True,129120,CCS2,40,2,CHARGING,61,30.12
2026-09-10 05:36:56,Турка,30663,True,129121,Type2,22,3,FINISHING,,18.47
2026-09-10 05:36:56,Турка,30663,True,129122,Type1,7,3,FINISHING,,18.26
2026-09-10 05:36:56,Дрогобич,12015,True,119565,Chademo,80,4,OTHER/OFFLINE,,20.7
2026-09-10 05:36:56,Дрогобич,12015,True,119566,CCS2,80,1,FREE,,22.99
2026-09-10 05:36:56,Дрогобич,12015,True,119567,GBT DC,80,1,FREE,,22.04
2026-09-10 05:36:56,Дрогобич,12015,True,119568,Type2,22,2,CHARGING,76,20.74
2026-09-10 09:57:03,Ралівка,12095,True,119867,Chademo,80,4,OTHER/OFFLINE,,15.52
2026-09-10 09:57:03,Ралівка,12095,True,119868,CCS2,120,1,FREE,,13.76
2026-09-10 09:57:03,Ралівка,12095,True,119869,GBT DC,120,4,OTHER/OFFLINE,,15.84
2026-09-10 09:57:03,Ралівка,12095,True,119870,Type2,22,3,FINISHING,,14.56
2026-09-10 09:57:03,Турка,30663,True,129119,Chademo,40,2,CHARGING,26,26.2
2026-09-10 09:57:03,Турка,30663,True,129120,CCS2,40,2,CHARGING,61,22.53
2026-09-10 09:57:03,Турка,30663,True,129121,Type2,22,4,OTHER/OFFLINE,,22.04
2026-09-10 09:57:03,Турка,30663,True,129122,Type1,7,3,FINISHING,,19.1
2026-09-10 09:57:03,Дрогобич,12015,True,119565,Chademo,80,2,CHARGING,75,18
2026-09-10 09:57:03,Дрогобич,12015,True,119566,CCS2,80,1,FREE,,19.95
2026-09-10 09:57:03,Дрогобич,12015,True,119567,GBT DC,80,4,OTHER/OFFLINE,,22.61
2026-09-10 09:57:03,Дрогобич,12015,True,119568,Type2,22,1,FREE,,17.51
2026-09-10 10:39:40,Ралівка,12095,True,119867,Chademo,80,2,CHARGING,69,15.2
2026-09-10 10:39:40,Ралівка,12095,True,119868,CCS2,120,1,FREE,,15.68
2026-09-10 10:39:40,Ралівка,12095,True,119869,GBT DC,120,2,CHARGING,62,18.72
2026-09-10 10:39:40,Ралівка,12095,True,119870,Type2,22,1,FREE,,13.78
2026-09-10 10:39:40,Турка,30663,True,129119,Chademo,40,1,FREE,,25.47
2026-09-10 10:39:40,Турка,30663,True,129120,CCS2,40,3,FINISHING,,27.92
2026-09-10 10:39:40,Турка,30663,True,129121,Type2,22,2,CHARGING,76,21.41
2026-09-10 10:39:40,Турка,30663,True,129122,Type1,7,1,FREE,,22.88
2026-09-10 10:39:40,Дрогобич,12015,True,119565,Chademo,80,2,CHARGING,58,16.74
2026-09-10 10:39:40,Дрогобич,12015,True,119566,CCS2,80,1,FREE,,23.18
2026-09-10 10:39:40,Дрогобич,12015,True,119567,GBT DC,80,1,FREE,,23.75
2026-09-10 10:39:40,Дрогобич,12015,True,119568,Type2,22,2,CHARGING,57,19.55
2026-09-10 14:16:09,Ралівка,12095,True,119867,Chademo,80,2,CHARGING,21,13.76
2026-09-10 14:16:09,Ралівка,12095,True,119868,CCS2,120,2,CHARGING,86,14.4
2026-09-10 14:16:09,Ралівка,12095,True,119869,GBT DC,120,3,FINISHING,,17.6
2026-09-10 14:16:09,Ралівка,12095,True,119870,Type2,22,1,FREE,,14.95
2026-09-10 14:16:09,Турка,30663,True,129119,Chademo,40,2,CHARGING,31,22.04
2026-09-10 14:16:09,Турка,30663,True,129120,CCS2,40,2,CHARGING,72,30.12
2026-09-10 14:16:09,Турка,30663,True,129121,Type2,22,1,FREE,,23.3
2026-09-10 14:16:09,Турка,30663,True,129122,Type1,7,1,FREE,,23.09
2026-09-10 14:16:09,Дрогобич,12015,True,119565,Chademo,80,2,CHARGING,78,19.26
2026-09-10 14:16:09,Дрогобич,12015,True,119566,CCS2,80,2,CHARGING,26,19.95
2026-09-10 14:16:09,Дрогобич,12015,True,119567,GBT DC,80,3,FINISHING,,18.62
2026-09-10 14:16:09,Дрогобич,12015,True,119568,Type2,22,2,CHARGING,57,19.21
2026-09-10 14:49:46,Ралівка,12095,True,119867,Chademo,80,1,FREE,,18.4
2026-09-10 14:49:46,Ралівка,12095,True,119868,CCS2,120,2,CHARGING,23,14.4
2026-09-10 14:49:46,Ралівка,12095,True,119869,GBT DC,120,2,CHARGING,23,17.12
2026-09-10 14:49:46,Ралівка,12095,True,119870,Type2,22,1,FREE,,14.3
2026-09-10 14:49:46,Турка,30663,True,129119,Chademo,40,4,OTHER/OFFLINE,,30.12
2026-09-10 14:49:46,Турка,30663,True,129120,CCS2,40,2,CHARGING,65,21.31
2026-09-10 14:49:46,Турка,30663,True,129121,Type2,22,2,CHARGING,45,20.78
2026-09-10 14:49:46,Турка,30663,True,129122,Type1,7,1,FREE,,21.62
2026-09-10 14:49:46,Дрогобич,12015,True,119565,Chademo,80,2,CHARGING,79,22.32
2026-09-10 14:49:46,Дрогобич,12015,True,119566,CCS2,80,2,CHARGING,75,21.85
2026-09-10 14:49:46,Дрогобич,12015,True,119567,GBT DC,80,1,FREE,,17.86
2026-09-10 14:49:46,Дрогобич,12015,True,119568,Type2,22,1,FREE,,19.21
2026-09-10 17:44:13,Ралівка,12095,True,119867,Chademo,80,1,FREE,,13.6
2026-09-10 17:44:13,Ралівка,12095,True,119868,CCS2,120,1,FREE,,17.76
2026-09-10 17:44:13,Ралівка,12095,True,119869,GBT DC,120,2,CHARGING,58,18.56
2026-09-10 17:44:13,Ралівка,12095,True,119870,Type2,22,1,FREE,,13.91
2026-09-10 17:44:13,Турка,30663,True,129119,Chademo,40,2,CHARGING,19,23.76
2026-09-10 17:44:13,Турка,30663,True,129120,CCS2,40,2,CHARGING,32,23.27
2026-09-10 17:44:13,Турка,30663,True,129121,Type2,22,2,CHARGING,36,22.46
2026-09-10 17:44:13,Турка,30663,True,129122,Type1,7,2,CHARGING,40,22.88
2026-09-10 17:44:13,Дрогобич,12015,True,119565,Chademo,80,4,OTHER/OFFLINE,,17.46
2026-09-10 17:44:13,Дрогобич,12015,True,119566,CCS2,80,2,CHARGING,42,18.62
2026-09-10 17:44:13,Дрогобич,12015,True,119567,GBT DC,80,1,FREE,,16.91
2026-09-10 17:44:13,Дрогобич,12015,True,119568,Type2,22,2,CHARGING,25,18.53
2026-09-10 18:06:23,Ралівка,12095,True,119867,Chademo,80,2,CHARGING,65,14.88
2026-09-10 18:06:23,Ралівка,12095,True,119868,CCS2,120,1,FREE,,20
2026-09-10 18:06:23,Ралівка,12095,True,119869,GBT DC,120,2,CHARGING,82,16
2026-09-10 18:06:23,Ралівка,12095,True,119870,Type2,22,2,CHARGING,48,12.22
2026-09-10 18:06:23,Турка,30663,True,129119,Chademo,40,2,CHARGING,19,29.14
2026-09-10 18:06:23,Турка,30663,True,129120,CCS2,40,1,FREE,,30.12
2026-09-10 18:06:23,Турка,30663,True,129121,Type2,22,1,FREE,,18.47
2026-09-10 18:06:23,Турка,30663,True,129122,Type1,7,1,FREE,,24.35
2026-09-10 18:06:23,Дрогобич,12015,True,119565,Chademo,80,2,CHARGING,22,16.74
2026-09-10 18:06:23,Дрогобич,12015,True,119566,CCS2,80,2,CHARGING,78,18.81
2026-09-10 18:06:23,Дрогобич,12015,True,119567,GBT DC,80,3,FINISHING,,17.1
2026-09-10 18:06:23,Дрогобич,12015,True,119568,Type2,22,2,CHARGING,49,20.74
2026-09-10 20:05:35,Ралівка,12095,True,119867,Chademo,80,1,FREE,,13.6
2026-09-10 20:05:35,Ралівка,12095,True,119868,CCS2,120,1,FREE,,19.04
2026-09-10 20:05:35,Ралівка,12095,True,119869,GBT DC,120,2,CHARGING,22,14.08
2026-09-10 20:05:35,Ралівка,12095,True,119870,Type2,22,2,CHARGING,60,16.12
2026-09-10 20:05:35,Турка,30663,True,129119,Chademo,40,4,OTHER/OFFLINE,,21.8
2026-09-10 20:05:35,Турка,30663,True,129120,CCS2,40,2,CHARGING,16,21.06
2026-09-10 20:05:35,Турка,30663,True,129121,Type2,22,2,CHARGING,36,20.15
2026-09-10 20:05:35,Турка,30663,True,129122,Type1,7,1,FREE,,18.89
2026-09-10 20:05:35,Дрогобич,12015,True,119565,Chademo,80,2,CHARGING,78,19.44
2026-09-10 20:05:35,Дрогобич,12015,True,119566,CCS2,80,1,FREE,,22.61
2026-09-10 20:05:35,Дрогобич,12015,True,119567,GBT DC,80,1,FREE,,16.15
2026-09-10 20:05:35,Дрогобич,12015,True,119568,Type2,22,1,FREE,,20.57
2026-09-10 21:24:29,Ралівка,12095,True,119867,Chademo,80,1,FREE,,16.64
2026-09-10 21:24:29,Ралівка,12095,True,119868,CCS2,120,3,FINISHING,,18.08
2026-09-10 21:24:29,Ралівка,12095,True,119869,GBT DC,120,2,CHARGING,32,18.4
2026-09-10 21:24:29,Ралівка,12095,True,119870,Type2,22,1,FREE,,11.83
2026-09-10 21:24:29,Турка,30663,True,129119,Chademo,40,2,CHARGING,45,30.61
2026-09-10 21:24:29,Турка,30663,True,129120,CCS2,40,2,CHARGING,82,25.47
2026-09-10 21:24:29,Турка,30663,True,129121,Type2,22,1,FREE,,20.36
2026-09-10 21:24:29,Турка,30663,True,129122,Type1,7,2,CHARGING,86,24.35
2026-09-10 21:24:29,Дрогобич,12015,True,119565,Chademo,80,3,FINISHING,,21.42
2026-09-10 21:24:29,Дрогобич,12015,True,119566,CCS2,80,2,CHARGING,72,18.05
2026-09-10 21:24:29,Дрогобич,12015,True,119567,GBT DC,80,1,FREE,,22.99
2026-09-10 21:24:29,Дрогобич,12015,True,119568,Type2,22,2,CHARGING,31,15.3
2026-09-10 22:33:21,Ралівка,12095,True,119867,Chademo,80,2,CHARGING,53,16.8
2026-09-10 22:33:21,Ралівка,12095,True,119868,CCS2,120,1,FREE,,17.6
2026-09-10 22:33:21,Ралівка,12095,True,119869,GBT DC,120,1,FREE,,13.92
2026-09-10 22:33:21,Ралівка,12095,True,119870,Type2,22,1,FREE,,15.34
2026-09-10 22:33:21,Турка,30663,True,129119,Chademo,40,4,OTHER/OFFLINE,,29.14
2026-09-10 22:33:21,Турка,30663,True,129120,CCS2,40,1,FREE,,28.65
2026-09-10 22:33:21,Турка,30663,True,129121,Type2,22,2,CHARGING,20,23.93
2026-09-10 22:33:21,Турка,30663,True,129122,Type1,7,2,CHARGING,60,19.73
2026-09-10 22:33:21,Дрогобич,12015,True,119565,Chademo,80,2,CHARGING,74,22.14
2026-09-10 22:33:21,Дрогобич,12015,True,119566,CCS2,80,2,CHARGING,46,19.19
2026-09-10 22:33:21,Дрогобич,12015,True,119567,GBT DC,80,4,OTHER/OFFLINE,,19.57
2026-09-10 22:33:21,Дрогобич,12015,True,119568,Type2,22,2,CHARGING,49,18.7
2026-09-10 23:43:47,Ралівка,12095,True,119867,Chademo,80,2,CHARGING,64,14.24
2026-09-10 23:43:47,Ралівка,12095,True,119868,CCS2,120,4,OTHER/OFFLINE,,19.52
2026-09-10 23:43:47,Ралівка,12095,True,119869,GBT DC,120,3,FINISHING,,14.24
2026-09-10 23:43:47,Ралівка,12095,True,119870,Type2,22,1,FREE,,11.05
2026-09-10 23:43:47,Турка,30663,True,129119,Chademo,40,3,FINISHING,,24.25
2026-09-10 23:43:47,Турка,30663,True,129120,CCS2,40,2,CHARGING,45,29.63
2026-09-10 23:43:47,Турка,30663,True,129121,Type2,22,2,CHARGING,69,25.19
2026-09-10 23:43:47,Турка,30663,True,129122,Type1,7,2,CHARGING,25,21.2
2026-09-10 23:43:47,Дрогобич,12015,True,119565,Chademo,80,2,CHARGING,51,21.96
2026-09-10 23:43:47,Дрогобич,12015,True,119566,CCS2,80,2,CHARGING,59,18.81
2026-09-10 23:43:47,Дрогобич,12015,True,119567,GBT DC,80,2,CHARGING,67,17.29
2026-09-10 23:43:47,Дрогобич,12015,True,119568,Type2,22,3,FINISHING,,14.45
2026-09-11 00:31:13,Ралівка,12095,True,119867,Chademo,80,1,FREE,,15.68
2026-09-11 00:31:13,Ралівка,12095,True,119868,CCS2,120,2,CHARGING,32,16.96
2026-09-11 00:31:13,Ралівка,12095,True,119869,GBT DC,120,2,CHARGING,44,16.32
2026-09-11 00:31:13,Ралівка,12095,True,119870,Type2,22,1,FREE,,11.83
2026-09-11 00:31:13,Турка,30663,True,129119,Chademo,40,1,FREE,,27.67
2026-09-11 00:31:13,Турка,30663,True,129120,CCS2,40,1,FREE,,25.22
2026-09-11 00:31:13,Турка,30663,True,129121,Type2,22,2,CHARGING,58,21.83
2026-09-11 00:31:13,Турка,30663,True,129122,Type1,7,1,FREE,,22.04
2026-09-11 00:31:13,Дрогобич,12015,True,119565,Chademo,80,1,FREE,,19.62
2026-09-11 00:31:13,Дрогобич,12015,True,119566,CCS2,80,2,CHARGING,44,22.99
2026-09-11 00:31:13,Дрогобич,12015,True,119567,GBT DC,80,2,CHARGING,16,21.47
2026-09-11 00:31:13,Дрогобич,12015,True,119568,Type2,22,2,CHARGING,79,15.81
2026-09-11 03:06:53,Ралівка,12095,True,119867,Chademo,80,3,FINISHING,,15.84
2026-09-11 03:06:53,Ралівка,12095,True,119868,CCS2,120,1,FREE,,18.24
2026-09-11 03:06:53,Ралівка,12095,True,119869,GBT DC,120,3,FINISHING,,13.6
2026-09-11 03:06:53,Ралівка,12095,True,119870,Type2,22,1,FREE,,13.78
2026-09-11 03:06:53,Турка,30663,True,129119,Chademo,40,4,OTHER/OFFLINE,,27.92
2026-09-11 03:06:53,Турка,30663,True,129120,CCS2,40,3,FINISHING,,22.29
2026-09-11 03:06:53,Турка,30663,True,129121,Type2,22,2,CHARGING,70,21.41
2026-09-11 03:06:53,Турка,30663,True,129122,Type1,7,2,CHARGING,74,22.88
2026-09-11 03:06:53,Дрогобич,12015,True,119565,Chademo,80,1,FREE,,18.18
2026-09-11 03:06:53,Дрогобич,12015,True,119566,CCS2,80,3,FINISHING,,16.15
2026-09-11 03:06:53,Дрогобич,12015,True,119567,GBT DC,80,3,FINISHING,,23.18
2026-09-11 03:06:53,Дрогобич,12015,True,119568,Type2,22,1,FREE,,15.81
2026-09-11 05:10:41,Ралівка,12095,True,119867,Chademo,80,1,FREE,,16.96
2026-09-11 05:10:41,Ралівка,12095,True,119868,CCS2,120,1,FREE,,17.76
2026-09-11 05:10:41,Ралівка,12095,True,119869,GBT DC,120,1,FREE,,13.6
2026-09-11 05:10:41,Ралівка,12095,True,119870,Type2,22,2,CHARGING,27,14.56
2026-09-11 05:10:41,Турка,30663,True,129119,Chademo,40,2,CHARGING,24,28.41
2026-09-11 05:10:41,Турка,30663,True,129120,CCS2,40,2,CHARGING,79,20.82
2026-09-11 05:10:41,Турка,30663,True,129121,Type2,22,1,FREE,,23.09
2026-09-11 05:10:41,Турка,30663,True,129122,Type1,7,2,CHARGING,51,20.57
2026-09-11 05:10:41,Дрогобич,12015,True,119565,Chademo,80,2,CHARGING,37,22.14
2026-09-11 05:10:41,Дрогобич,12015,True,119566,CCS2,80,2,CHARGING,25,16.15
2026-09-11 05:10:41,Дрогобич,12015,True,119567,GBT DC,80,2,CHARGING,45,23.75
2026-09-11 05:10:41,Дрогобич,12015,True,119568,Type2,22,2,CHARGING,66,14.62
2026-09-11 08:35:04,Ралівка,12095,True,119867,Chademo,80,2,CHARGING,48,18.88
2026-09-11 08:35:04,Ралівка,12095,True,119868,CCS2,120,2,CHARGING,67,15.52
2026-09-11 08:35:04,Ралівка,12095,True,119869,GBT DC,120,1,FREE,,18.56
2026-09-11 08:35:04,Ралівка,12095,True,119870,Type2,22,1,FREE,,11.7
2026-09-11 08:35:04,Турка,30663,True,129119,Chademo,40,2,CHARGING,34,21.8
2026-09-11 08:35:04,Турка,30663,True,129120,CCS2,40,2,CHARGING,57,21.8
2026-09-11 08:35:04,Турка,30663,True,129121,Type2,22,3,FINISHING,,20.57
2026-09-11 08:35:04,Турка,30663,True,129122,Type1,7,4,OTHER/OFFLINE,,18.26
2026-09-11 08:35:04,Дрогобич,12015,True,119565,Chademo,80,2,CHARGING,15,20.34
2026-09-11 08:35:04,Дрогобич,12015,True,119566,CCS2,80,1,FREE,,22.99
2026-09-11 08:35:04,Дрогобич,12015,True,119567,GBT DC,80,1,FREE,,21.47
2026-09-11 08:35:04,Дрогобич,12015,True,119568,Type2,22,1,FREE,,17
2026-09-11 09:45:27,Ралівка,12095,True,119867,Chademo,80,2,CHARGING,86,18.4
2026-09-11 09:45:27,Ралівка,12095,True,119868,CCS2,120,2,CHARGING,53,15.04
2026-09-11 09:45:27,Ралівка,12095,True,119869,GBT DC,120,2,CHARGING,89,17.44
2026-09-11 09:45:27,Ралівка,12095,True,119870,Type2,22,1,FREE,,15.6
2026-09-11 09:45:27,Турка,30663,True,129119,Chademo,40,1,FREE,,28.65
2026-09-11 09:45:27,Турка,30663,True,129120,CCS2,40,1,FREE,,21.55
2026-09-11 09:45:27,Турка,30663,True,129121,Type2,22,1,FREE,,22.88
2026-09-11 09:45:27,Турка,30663,True,129122,Type1,7,2,CHARGING,39,17.84
2026-09-11 09:45:27,Дрогобич,12015,True,119565,Chademo,80,4,OTHER/OFFLINE,,18
2026-09-11 09:45:27,Дрогобич,12015,True,119566,CCS2,80,1,FREE,,21.85
2026-09-11 09:45:27,Дрогобич,12015,True,119567,GBT DC,80,2,CHARGING,69,17.67
2026-09-11 09:45:27,Дрогобич,12015,True,119568,Type2,22,2,CHARGING,54,18.7
2026-09-11 13:14:59,Ралівка,12095,True,119867,Chademo,80,2,CHARGING,18,13.92
2026-09-11 13:14:59,Ралівка,12095,True,119868,CCS2,120,2,CHARGING,25,13.92
2026-09-11 13:14:59,Ралівка,12095,True,119869,GBT DC,120,2,CHARGING,85,17.92
2026-09-11 13:14:59,Ралівка,12095,True,119870,Type2,22,1,FREE,,12.48
2026-09-11 13:14:59,Турка,30663,True,129119,Chademo,40,1,FREE,,21.31
2026-09-11 13:14:59,Турка,30663,True,129120,CCS2,40,2,CHARGING,71,22.04
2026-09-11 13:14:59,Турка,30663,True,129121,Type2,22,2,CHARGING,67,20.99
2026-09-11 13:14:59,Турка,30663,True,129122,Type1,7,1,FREE,,18.89
2026-09-11 13:14:59,Дрогобич,12015,True,119565,Chademo,80,3,FINISHING,,19.8
2026-09-11 13:14:59,Дрогобич,12015,True,119566,CCS2,80,3,FINISHING,,17.1
2026-09-11 13:14:59,Дрогобич,12015,True,119567,GBT DC,80,4,OTHER/OFFLINE,,22.61
2026-09-11 13:14:59,Дрогобич,12015,True,119568,Type2,22,2,CHARGING,69,18.87
2026-09-11 13:53:07,Ралівка,12095,True,119867,Chademo,80,1,FREE,,19.84
2026-09-11 13:53:07,Ралівка,12095,True,119868,CCS2,120,1,FREE,,19.68
2026-09-11 13:53:07,Ралівка,12095,True,119869,GBT DC,120,1,FREE,,15.52
2026-09-11 13:53:07,Ралівка,12095,True,119870,Type2,22,2,CHARGING,26,13
2026-09-11 13:53:07,Турка,30663,True,129119,Chademo,40,2,CHARGING,29,26.45
2026-09-11 13:53:07,Турка,30663,True,129120,CCS2,40,2,CHARGING,86,26.45
2026-09-11 13:53:07,Турка,30663,True,129121,Type2,22,2,CHARGING,78,23.72
2026-09-11 13:53:07,Турка,30663,True,129122,Type1,7,1,FREE,,22.88
2026-09-11 13:53:07,Дрогобич,12015,True,119565,Chademo,80,2,CHARGING,48,17.1
2026-09-11 13:53:07,Дрогобич,12015,True,119566,CCS2,80,2,CHARGING,28,16.34
2026-09-11 13:53:07,Дрогобич,12015,True,119567,GBT DC,80,2,CHARGING,16,20.52
2026-09-11 13:53:07,Дрогобич,12015,True,119568,Type2,22,3,FINISHING,,16.32
2026-09-11 17:29:54,Ралівка,12095,True,119867,Chademo,80,2,CHARGING,46,18.24
2026-09-11 17:29:54,Ралівка,12095,True,119868,CCS2,120,1,FREE,,14.08
2026-09-11 17:29:54,Ралівка,12095,True,119869,GBT DC,120,2,CHARGING,29,16
2026-09-11 17:29:54,Ралівка,12095,True,119870,Type2,22,2,CHARGING,75,14.69
2026-09-11 17:29:54,Турка,30663,True,129119,Chademo,40,2,CHARGING,84,27.92
2026-09-11 17:29:54,Турка,30663,True,129120,CCS2,40,3,FINISHING,,28.41
2026-09-11 17:29:54,Турка,30663,True,129121,Type2,22,4,OTHER/OFFLINE,,25.61
2026-09-11 17:29:54,Турка,30663,True,129122,Type1,7,2,CHARGING,67,22.46
2026-09-11 17:29:54,Дрогобич,12015,True,119565,Chademo,80,2,CHARGING,73,21.42
2026-09-11 17:29:54,Дрогобич,12015,True,119566,CCS2,80,2,CHARGING,45,20.14
2026-09-11 17:29:54,Дрогобич,12015,True,119567,GBT DC,80,2,CHARGING,85,21.66
2026-09-11 17:29:54,Дрогобич,12015,True,119568,Type2,22,4,OTHER/OFFLINE,,15.98
2026-09-11 17:31:33,Ралівка,12095,True,119867,Chademo,80,2,CHARGING,79,18.56
2026-09-11 17:31:33,Ралівка,12095,True,119868,CCS2,120,1,FREE,,15.2
2026-09-11 17:31:33,Ралівка,12095,True,119869,GBT DC,120,1,FREE,,19.2
2026-09-11 17:31:33,Ралівка,12095,True,119870,Type2,22,1,FREE,,15.99
2026-09-11 17:31:33,Турка,30663,True,129119,Chademo,40,3,FINISHING,,24.49
2026-09-11 17:31:33,Турка,30663,True,129120,CCS2,40,2,CHARGING,42,23.27
2026-09-11 17:31:33,Турка,30663,True,129121,Type2,22,4,OTHER/OFFLINE,,24.98
2026-09-11 17:31:33,Турка,30663,True,129122,Type1,7,2,CHARGING,46,18.26
2026-09-11 17:31:33,Дрогобич,12015,True,119565,Chademo,80,2,CHARGING,24,15.3
2026-09-11 17:31:33,Дрогобич,12015,True,119566,CCS2,80,1,FREE,,21.28
2026-09-11 17:31:33,Дрогобич,12015,True,119567,GBT DC,80,2,CHARGING,32,22.8
2026-09-11 17:31:33,Дрогобич,12015,True,119568,Type2,22,1,FREE,,16.49
2026-09-11 19:59:55,Ралівка,12095,True,119867,Chademo,80,4,OTHER/OFFLINE,,16.96
2026-09-11 19:59:55,Ралівка,12095,True,119868,CCS2,120,3,FINISHING,,14.08
2026-09-11 19:59:55,Ралівка,12095,True,119869,GBT DC,120,2,CHARGING,17,19.2
2026-09-11 19:59:55,Ралівка,12095,True,119870,Type2,22,2,CHARGING,83,11.31
2026-09-11 19:59:55,Турка,30663,True,129119,Chademo,40,2,CHARGING,88,25.96
2026-09-11 19:59:55,Турка,30663,True,129120,CCS2,40,1,FREE,,22.78
2026-09-11 19:59:55,Турка,30663,True,129121,Type2,22,2,CHARGING,71,26.03
2026-09-11 19:59:55,Турка,30663,True,129122,Type1,7,2,CHARGING,51,23.09
2026-09-11 19:59:55,Дрогобич,12015,True,119565,Chademo,80,2,CHARGING,29,22.5
2026-09-11 19:59:55,Дрогобич,12015,True,119566,CCS2,80,2,CHARGING,61,17.67
2026-09-11 19:59:55,Дрогобич,12015,True,119567,GBT DC,80,4,OTHER/OFFLINE,,20.9
2026-09-11 19:59:55,Дрогобич,12015,True,119568,Type2,22,2,CHARGING,26,15.3
2026-09-11 20:28:31,Ралівка,12095,True,119867,Chademo,80,2,CHARGING,28,18.88
2026-09-11 20:28:31,Ралівка,12095,True,119868,CCS2,120,1,FREE,,15.84
2026-09-11 20:28:31,Ралівка,12095,True,119869,GBT DC,120,4,OTHER/OFFLINE,,18.72
2026-09-11 20:28:31,Ралівка,12095,True,119870,Type2,22,1,FREE,,15.08
2026-09-11 20:28:31,Турка,30663,True,129119,Chademo,40,1,FREE,,23.76
2026-09-11 20:28:31,Турка,30663,True,129120,CCS2,40,4,OTHER/OFFLINE,,26.2
2026-09-11 20:28:31,Турка,30663,True,129121,Type2,22,2,CHARGING,89,26.03
2026-09-11 20:28:31,Турка,30663,True,129122,Type1,7,3,FINISHING,,18.68
2026-09-11 20:28:31,Дрогобич,12015,True,119565,Chademo,80,1,FREE,,19.8
2026-09-11 20:28:31,Дрогобич,12015,True,119566,CCS2,80,1,FREE,,18.05
2026-09-11 20:28:31,Дрогобич,12015,True,119567,GBT DC,80,2,CHARGING,75,18.43
2026-09-11 20:28:31,Дрогобич,12015,True,119568,Type2,22,2,CHARGING,88,19.38
2026-09-11 22:29:19,Ралівка,12095,True,119867,Chademo,80,3,FINISHING,,16.96
2026-09-11 22:29:19,Ралівка,12095,True,119868,CCS2,120,2,CHARGING,85,13.6
2026-09-11 22:29:19,Ралівка,12095,True,119869,GBT DC,120,2,CHARGING,65,16
2026-09-11 22:29:19,Ралівка,12095,True,119870,Type2,22,2,CHARGING,35,14.82
2026-09-11 22:29:19,Турка,30663,True,129119,Chademo,40,1,FREE,,25.47
2026-09-11 22:29:19,Турка,30663,True,129120,CCS2,40,2,CHARGING,47,22.04
2026-09-11 22:29:19,Турка,30663,True,129121,Type2,22,2,CHARGING,87,18.05
2026-09-11 22:29:19,Турка,30663,True,129122,Type1,7,1,FREE,,17.84
2026-09-11 22:29:19,Дрогобич,12015,True,119565,Chademo,80,2,CHARGING,61,16.02
2026-09-11 22:29:19,Дрогобич,12015,True,119566,CCS2,80,3,FINISHING,,17.29
2026-09-11 22:29:19,Дрогобич,12015,True,119567,GBT DC,80,1,FREE,,19.76
2026-09-11 22:29:19,Дрогобич,12015,True,119568,Type2,22,1,FREE,,20.74
2026-09-11 22:58:22,Ралівка,12095,True,119867,Chademo,80,1,FREE,,18.24
2026-09-11 22:58:22,Ралівка,12095,True,119868,CCS2,120,2,CHARGING,83,14.08
2026-09-11 22:58:22,Ралівка,12095,True,119869,GBT DC,120,2,CHARGING,55,18.88
2026-09-11 22:58:22,Ралівка,12095,True,119870,Type2,22,1,FREE,,15.08
2026-09-11 22:58:22,Турка,30663,True,129119,Chademo,40,2,CHARGING,46,20.82
2026-09-11 22:58:22,Турка,30663,True,129120,CCS2,40,2,CHARGING,25,25.96
2026-09-11 22:58:22,Турка,30663,True,129121,Type2,22,2,CHARGING,57,24.56
2026-09-11 22:58:22,Турка,30663,True,129122,Type1,7,4,OTHER/OFFLINE,,21.2
2026-09-11 22:58:22,Дрогобич,12015,True,119565,Chademo,80,4,OTHER/OFFLINE,,16.2
2026-09-11 22:58:22,Дрогобич,12015,True,119566,CCS2,80,2,CHARGING,43,21.09
2026-09-11 22:58:22,Дрогобич,12015,True,119567,GBT DC,80,2,CHARGING,39,18.43
2026-09-11 22:58:22,Дрогобич,12015,True,119568,Type2,22,1,FREE,,18.87
2026-09-12 00:34:17,Ралівка,12095,True,119867,Chademo,80,1,FREE,,14.56
2026-09-12 00:34:17,Ралівка,12095,True,119868,CCS2,120,3,FINISHING,,15.04
2026-09-12 00:34:17,Ралівка,12095,True,119869,GBT DC,120,2,CHARGING,74,18.4
2026-09-12 00:34:17,Ралівка,12095,True,119870,Type2,22,4,OTHER/OFFLINE,,14.04
2026-09-12 00:34:17,Турка,30663,True,129119,Chademo,40,2,CHARGING,71,29.14
2026-09-12 00:34:17,Турка,30663,True,129120,CCS2,40,2,CHARGING,88,26.2
2026-09-12 00:34:17,Турка,30663,True,129121,Type2,22,3,FINISHING,,22.88
2026-09-12 00:34:17,Турка,30663,True,129122,Type1,7,2,CHARGING,64,23.3
2026-09-12 00:34:17,Дрогобич,12015,True,119565,Chademo,80,2,CHARGING,66,16.56
2026-09-12 00:34:17,Дрогобич,12015,True,119566,CCS2,80,2,CHARGING,50,18.05
2026-09-12 00:34:17,Дрогобич,12015,True,119567,GBT DC,80,2,CHARGING,58,21.85
2026-09-12 00:34:17,Дрогобич,12015,True,119568,Type2,22,1,FREE,,19.89
2026-09-12 00:54:42,Ралівка,12095,True,119867,Chademo,80,1,FREE,,16.8
2026-09-12 00:54:42,Ралівка,12095,True,119868,CCS2,120,2,CHARGING,49,17.92
2026-09-12 00:54:42,Ралівка,12095,True,119869,GBT DC,120,2,CHARGING,45,14.08
2026-09-12 00:54:42,Ралівка,12095,True,119870,Type2,22,1,FREE,,12.61
2026-09-12 00:54:42,Турка,30663,True,129119,Chademo,40,3,FINISHING,,25.22
2026-09-12 00:54:42,Турка,30663,True,129120,CCS2,40,3,FINISHING,,22.04
2026-09-12 00:54:42,Турка,30663,True,129121,Type2,22,4,OTHER/OFFLINE,,21.2
2026-09-12 00:54:42,Турка,30663,True,129122,Type1,7,2,CHARGING,19,21.41
2026-09-12 00:54:42,Дрогобич,12015,True,119565,Chademo,80,1,FREE,,22.5
2026-09-12 00:54:42,Дрогобич,12015,True,119566,CCS2,80,4,OTHER/OFFLINE,,20.33
2026-09-12 00:54:42,Дрогобич,12015,True,119567,GBT DC,80,2,CHARGING,57,20.33
2026-09-12 00:54:42,Дрогобич,12015,True,119568,Type2,22,1,FREE,,17.68
2026-09-12 05:00:08,Ралівка,12095,True,119867,Chademo,80,4,OTHER/OFFLINE,,18.56
2026-09-12 05:00:08,Ралівка,12095,True,119868,CCS2,120,1,FREE,,13.76
2026-09-12 05:00:08,Ралівка,12095,True,119869,GBT DC,120,2,CHARGING,87,15.68
2026-09-12 05:00:08,Ралівка,12095,True,119870,Type2,22,4,OTHER/OFFLINE,,14.43
2026-09-12 05:00:08,Турка,30663,True,129119,Chademo,40,2,CHARGING,26,24.73
2026-09-12 05:00:08,Турка,30663,True,129120,CCS2,40,1,FREE,,28.65
2026-09-12 05:00:08,Турка,30663,True,129121,Type2,22,1,FREE,,19.73
2026-09-12 05:00:08,Турка,30663,True,129122,Type1,7,1,FREE,,23.51
2026-09-12 05:00:08,Дрогобич,12015,True,119565,Chademo,80,4,OTHER/OFFLINE,,20.52
2026-09-12 05:00:08,Дрогобич,12015,True,119566,CCS2,80,1,FREE,,17.29
2026-09-12 05:00:08,Дрогобич,12015,True,119567,GBT DC,80,4,OTHER/OFFLINE,,19.95
2026-09-12 05:00:08,Дрогобич,12015,True,119568,Type2,22,1,FREE,,17.51
2026-09-12 05:25:02,Ралівка,12095,True,119867,Chademo,80,2,CHARGING,51,16.96
2026-09-12 05:25:02,Ралівка,12095,True,119868,CCS2,120,2,CHARGING,28,17.92
2026-09-12 05:25:02,Ралівка,12095,True,119869,GBT DC,120,2,CHARGING,40,16.64
2026-09-12 05:25:02,Ралівка,12095,True,119870,Type2,22,1,FREE,,13.78
2026-09-12 05:25:02,Турка,30663,True,129119,Chademo,40,2,CHARGING,69,22.53
2026-09-12 05:25:02,Турка,30663,True,129120,CCS2,40,3,FINISHING,,28.65
2026-09-12 05:25:02,Турка,30663,True,129121,Type2,22,4,OTHER/OFFLINE,,23.09
2026-09-12 05:25:02,Турка,30663,True,129122,Type1,7,3,FINISHING,,24.77
2026-09-12 05:25:02,Дрогобич,12015,True,119565,Chademo,80,3,FINISHING,,19.98
2026-09-12 05:25:02,Дрогобич,12015,True,119566,CCS2,80,2,CHARGING,24,18.24
2026-09-12 05:25:02,Дрогобич,12015,True,119567,GBT DC,80,3,FINISHING,,19.76
2026-09-12 05:25:02,Дрогобич,12015,True,119568,Type2,22,2,CHARGING,75,18.36
2026-09-12 09:12:52,Ралівка,12095,True,119867,Chademo,80,2,CHARGING,53,16.48
2026-09-12 09:12:52,Ралівка,12095,True,119868,CCS2,120,1,FREE,,17.6
2026-09-12 09:12:52,Ралівка,12095,True,119869,GBT DC,120,2,CHARGING,58,17.6
2026-09-12 09:12:52,Ралівка,12095,True,119870,Type2,22,2,CHARGING,56,12.22
2026-09-12 09:12:52,Турка,30663,True,129119,Chademo,40,1,FREE,,28.41
2026-09-12 09:12:52,Турка,30663,True,129120,CCS2,40,2,CHARGING,60,25.22
2026-09-12 09:12:52,Турка,30663,True,129121,Type2,22,4,OTHER/OFFLINE,,20.57
2026-09-12 09:12:52,Турка,30663,True,129122,Type1,7,1,FREE,,18.26
2026-09-12 09:12:52,Дрогобич,12015,True,119565,Chademo,80,2,CHARGING,58,16.2
2026-09-12 09:12:52,Дрогобич,12015,True,119566,CCS2,80,1,FREE,,19.76
2026-09-12 09:12:52,Дрогобич,12015,True,119567,GBT DC,80,2,CHARGING,90,16.53
2026-09-12 09:12:52,Дрогобич,12015,True,119568,Type2,22,1,FREE,,14.79
2026-09-12 10:07:56,Ралівка,12095,True,119867,Chademo,80,1,FREE,,19.2
2026-09-12 10:07:56,Ралівка,12095,True,119868,CCS2,120,3,FINISHING,,14.72
2026-09-12 10:07:56,Ралівка,12095,True,119869,GBT DC,120,2,CHARGING,56,15.36
2026-09-12 10:07:56,Ралівка,12095,True,119870,Type2,22,3,FINISHING,,15.47
2026-09-12 10:07:56,Турка,30663,True,129119,Chademo,40,1,FREE,,29.14
2026-09-12 10:07:56,Турка,30663,True,129120,CCS2,40,4,OTHER/OFFLINE,,27.18
2026-09-12 10:07:56,Турка,30663,True,129121,Type2,22,1,FREE,,26.24
2026-09-12 10:07:56,Турка,30663,True,129122,Type1,7,1,FREE,,23.51
2026-09-12 10:07:56,Дрогобич,12015,True,119565,Chademo,80,2,CHARGING,32,21.24
2026-09-12 10:07:56,Дрогобич,12015,True,119566,CCS2,80,4,OTHER/OFFLINE,,19.57
2026-09-12 10:07:56,Дрогобич,12015,True,119567,GBT DC,80,4,OTHER/OFFLINE,,23.37
2026-09-12 10:07:56,Дрогобич,12015,True,119568,Type2,22,1,FREE,,16.15
2026-09-12 12:54:12,Ралівка,12095,True,119867,Chademo,80,3,FINISHING,,17.6
2026-09-12 12:54:12,Ралівка,12095,True,119868,CCS2,120,2,CHARGING,27,17.28
2026-09-12 12:54:12,Ралівка,12095,True,119869,GBT DC,120,4,OTHER/OFFLINE,,14.88
2026-09-12 12:54:12,Ралівка,12095,True,119870,Type2,22,2,CHARGING,57,15.6
2026-09-12 12:54:12,Турка,30663,True,129119,Chademo,40,2,CHARGING,86,27.43
2026-09-12 12:54:12,Турка,30663,True,129120,CCS2,40,2,CHARGING,21,29.14
2026-09-12 12:54:12,Турка,30663,True,129121,Type2,22,3,FINISHING,,23.93
2026-09-12 12:54:12,Турка,30663,True,129122,Type1,7,1,FREE,,18.89
2026-09-12 12:54:12,Дрогобич,12015,True,119565,Chademo,80,2,CHARGING,63,19.8
2026-09-12 12:54:12,Дрогобич,12015,True,119566,CCS2,80,1,FREE,,16.34
2026-09-12 12:54:12,Дрогобич,12015,True,119567,GBT DC,80,1,FREE,,16.72
2026-09-12 12:54:12,Дрогобич,12015,True,119568,Type2,22,2,CHARGING,60,21.08
2026-09-12 13:52:55,Ралівка,12095,True,119867,Chademo,80,4,OTHER/OFFLINE,,14.72
2026-09-12 13:52:55,Ралівка,12095,True,119868,CCS2,120,3,FINISHING,,17.28
2026-09-12 13:52:55,Ралівка,12095,True,119869,GBT DC,120,2,CHARGING,24,17.76
2026-09-12 13:52:55,Ралівка,12095,True,119870,Type2,22,1,FREE,,14.3
2026-09-12 13:52:55,Турка,30663,True,129119,Chademo,40,1,FREE,,23.51
2026-09-12 13:52:55,Турка,30663,True,129120,CCS2,40,2,CHARGING,50,24.98
2026-09-12 13:52:55,Турка,30663,True,129121,Type2,22,2,CHARGING,78,24.35
2026-09-12 13:52:55,Турка,30663,True,129122,Type1,7,2,CHARGING,82,21.62
2026-09-12 13:52:55,Дрогобич,12015,True,119565,Chademo,80,4,OTHER/OFFLINE,,16.38
2026-09-12 13:52:55,Дрогобич,12015,True,119566,CCS2,80,4,OTHER/OFFLINE,,18.81
2026-09-12 13:52:55,Дрогобич,12015,True,119567,GBT DC,80,2,CHARGING,24,16.72
2026-09-12 13:52:55,Дрогобич,12015,True,119568,Type2,22,1,FREE,,18.02
2026-09-12 16:04:10,Ралівка,12095,True,119867,Chademo,80,1,FREE,,15.2
2026-09-12 16:04:10,Ралівка,12095,True,119868,CCS2,120,1,FREE,,15.84
2026-09-12 16:04:10,Ралівка,12095,True,119869,GBT DC,120,1,FREE,,20
2026-09-12 16:04:10,Ралівка,12095,True,119870,Type2,22,1,FREE,,16.12
2026-09-12 16:04:10,Турка,30663,True,129119,Chademo,40,3,FINISHING,,25.96
2026-09-12 16:04:10,Турка,30663,True,129120,CCS2,40,2,CHARGING,77,20.82
2026-09-12 16:04:10,Турка,30663,True,129121,Type2,22,2,CHARGING,89,25.61
2026-09-12 16:04:10,Турка,30663,True,129122,Type1,7,2,CHARGING,45,23.09
2026-09-12 16:04:10,Дрогобич,12015,True,119565,Chademo,80,2,CHARGING,63,17.28
2026-09-12 16:04:10,Дрогобич,12015,True,119566,CCS2,80,2,CHARGING,39,20.33
2026-09-12 16:04:10,Дрогобич,12015,True,119567,GBT DC,80,2,CHARGING,39,22.42
2026-09-12 16:04:10,Дрогобич,12015,True,119568,Type2,22,2,CHARGING,76,20.91
2026-09-12 16:45:32,Ралівка,12095,True,119867,Chademo,80,4,OTHER/OFFLINE,,14.72
2026-09-12 16:45:32,Ралівка,12095,True,119868,CCS2,120,4,OTHER/OFFLINE,,16.64
2026-09-12 16:45:32,Ралівка,12095,True,119869,GBT DC,120,1,FREE,,16.64
2026-09-12 16:45:32,Ралівка,12095,True,119870,Type2,22,2,CHARGING,71,13.26
2026-09-12 16:45:32,Турка,30663,True,129119,Chademo,40,4,OTHER/OFFLINE,,26.45
2026-09-12 16:45:32,Турка,30663,True,129120,CCS2,40,2,CHARGING,15,25.96
2026-09-12 16:45:32,Турка,30663,True,129121,Type2,22,3,FINISHING,,22.25
2026-09-12 16:45:32,Турка,30663,True,129122,Type1,7,2,CHARGING,87,23.51
2026-09-12 16:45:32,Дрогобич,12015,True,119565,Chademo,80,2,CHARGING,17,21.06
2026-09-12 16:45:32,Дрогобич,12015,True,119566,CCS2,80,2,CHARGING,61,20.14
2026-09-12 16:45:32,Дрогобич,12015,True,119567,GBT DC,80,1,FREE,,17.48
2026-09-12 16:45:32,Дрогобич,12015,True,119568,Type2,22,3,FINISHING,,18.02
2026-09-12 18:20:11,Ралівка,12095,True,119867,Chademo,80,3,FINISHING,,16.16
2026-09-12 18:20:11,Ралівка,12095,True,119868,CCS2,120,4,OTHER/OFFLINE,,20
2026-09-12 18:20:11,Ралівка,12095,True,119869,GBT DC,120,3,FINISHING,,18.24
2026-09-12 18:20:11,Ралівка,12095,True,119870,Type2,22,1,FREE,,11.83
2026-09-12 18:20:11,Турка,30663,True,129119,Chademo,40,2,CHARGING,87,28.41
2026-09-12 18:20:11,Турка,30663,True,129120,CCS2,40,1,FREE,,29.39
2026-09-12 18:20:11,Турка,30663,True,129121,Type2,22,1,FREE,,20.99
2026-09-12 18:20:11,Турка,30663,True,129122,Type1,7,2,CHARGING,84,21.41
2026-09-12 18:20:11,Дрогобич,12015,True,119565,Chademo,80,2,CHARGING,54,18.9
2026-09-12 18:20:11,Дрогобич,12015,True,119566,CCS2,80,3,FINISHING,,20.9
2026-09-12 18:20:11,Дрогобич,12015,True,119567,GBT DC,80,2,CHARGING,82,20.52
2026-09-12 18:20:11,Дрогобич,12015,True,119568,Type2,22,1,FREE,,21.08
2026-09-12 18:57:43,Ралівка,12095,True,119867,Chademo,80,1,FREE,,19.36
2026-09-12 18:57:43,Ралівка,12095,True,119868,CCS2,120,1,FREE,,13.92
2026-09-12 18:57:43,Ралівка,12095,True,119869,GBT DC,120,3,FINISHING,,14.72
2026-09-12 18:57:43,Ралівка,12095,True,119870,Type2,22,1,FREE,,13.65
2026-09-12 18:57:43,Турка,30663,True,129119,Chademo,40,2,CHARGING,37,29.63
2026-09-12 18:57:43,Турка,30663,True,129120,CCS2,40,2,CHARGING,66,26.94
2026-09-12 18:57:43,Турка,30663,True,129121,Type2,22,1,FREE,,22.25
2026-09-12 18:57:43,Турка,30663,True,129122,Type1,7,1,FREE,,25.61
2026-09-12 18:57:43,Дрогобич,12015,True,119565,Chademo,80,3,FINISHING,,21.24
2026-09-12 18:57:43,Дрогобич,12015,True,119566,CCS2,80,1,FREE,,16.91
2026-09-12 18:57:43,Дрогобич,12015,True,119567,GBT DC,80,1,FREE,,19
2026-09-12 18:57:43,Дрогобич,12015,True,119568,Type2,22,4,OTHER/OFFLINE,,17.34
2026-09-12 20:43:24,Ралівка,12095,True,119867,Chademo,80,2,CHARGING,62,16.48
2026-09-12 20:43:24,Ралівка,12095,True,119868,CCS2,120,1,FREE,,14.08
2026-09-12 20:43:24,Ралівка,12095,True,119869,GBT DC,120,2,CHARGING,45,20
2026-09-12 20:43:24,Ралівка,12095,True,119870,Type2,22,2,CHARGING,35,13.26
2026-09-12 20:43:24,Турка,30663,True,129119,Chademo,40,2,CHARGING,68,29.14
2026-09-12 20:43:24,Турка,30663,True,129120,CCS2,40,2,CHARGING,39,28.41
2026-09-12 20:43:24,Турка,30663,True,129121,Type2,22,2,CHARGING,35,21.62
2026-09-12 20:43:24,Турка,30663,True,129122,Type1,7,1,FREE,,20.15
2026-09-12 20:43:24,Дрогобич,12015,True,119565,Chademo,80,1,FREE,,22.5
2026-09-12 20:43:24,Дрогобич,12015,True,119566,CCS2,80,3,FINISHING,,22.61
2026-09-12 20:43:24,Дрогобич,12015,True,119567,GBT DC,80,2,CHARGING,81,23.37
2026-09-12 20:43:24,Дрогобич,12015,True,119568,Type2,22,2,CHARGING,58,17.51
2026-09-12 21:13:00,Ралівка,12095,True,119867,Chademo,80,2,CHARGING,76,17.76
2026-09-12 21:13:00,Ралівка,12095,True,119868,CCS2,120,1,FREE,,14.56
2026-09-12 21:13:00,Ралівка,12095,True,119869,GBT DC,120,2,CHARGING,27,18.24
2026-09-12 21:13:00,Ралівка,12095,True,119870,Type2,22,1,FREE,,11.18
2026-09-12 21:13:00,Турка,30663,True,129119,Chademo,40,1,FREE,,26.94
2026-09-12 21:13:00,Турка,30663,True,129120,CCS2,40,1,FREE,,29.88
2026-09-12 21:13:00,Турка,30663,True,129121,Type2,22,4,OTHER/OFFLINE,,19.94
2026-09-12 21:13:00,Турка,30663,True,129122,Type1,7,2,CHARGING,17,25.19
2026-09-12 21:13:00,Дрогобич,12015,True,119565,Chademo,80,2,CHARGING,31,19.08
2026-09-12 21:13:00,Дрогобич,12015,True,119566,CCS2,80,1,FREE,,16.72
2026-09-12 21:13:00,Дрогобич,12015,True,119567,GBT DC,80,1,FREE,,22.42
2026-09-12 21:13:00,Дрогобич,12015,True,119568,Type2,22,2,CHARGING,28,15.3
2026-09-12 22:37:06,Ралівка,12095,True,119867,Chademo,80,4,OTHER/OFFLINE,,18.4
2026-09-12 22:37:06,Ралівка,12095,True,119868,CCS2,120,1,FREE,,20
2026-09-12 22:37:06,Ралівка,12095,True,119869,GBT DC,120,3,FINISHING,,13.76
2026-09-12 22:37:06,Ралівка,12095,True,119870,Type2,22,2,CHARGING,86,14.04
2026-09-12 22:37:06,Турка,30663,True,129119,Chademo,40,1,FREE,,28.9
2026-09-12 22:37:06,Турка,30663,True,129120,CCS2,40,1,FREE,,29.39
2026-09-12 22:37:06,Турка,30663,True,129121,Type2,22,2,CHARGING,82,23.51
2026-09-12 22:37:06,Турка,30663,True,129122,Type1,7,1,FREE,,18.05
2026-09-12 22:37:06,Дрогобич,12015,True,119565,Chademo,80,4,OTHER/OFFLINE,,17.1
2026-09-12 22:37:06,Дрогобич,12015,True,119566,CCS2,80,2,CHARGING,76,21.28
2026-09-12 22:37:06,Дрогобич,12015,True,119567,GBT DC,80,1,FREE,,18.62
2026-09-12 22:37:06,Дрогобич,12015,True,119568,Type2,22,2,CHARGING,15,16.15
2026-09-12 23:44:49,Ралівка,12095,True,119867,Chademo,80,1,FREE,,19.2
2026-09-12 23:44:49,Ралівка,12095,True,119868,CCS2,120,1,FREE,,15.52
2026-09-12 23:44:49,Ралівка,12095,True,119869,GBT DC,120,2,CHARGING,79,16.96
2026-09-12 23:44:49,Ралівка,12095,True,119870,Type2,22,1,FREE,,12.87
2026-09-12 23:44:49,Турка,30663,True,129119,Chademo,40,2,CHARGING,22,26.2
2026-09-12 23:44:49,Турка,30663,True,129120,CCS2,40,3,FINISHING,,23.76
2026-09-12 23:44:49,Турка,30663,True,129121,Type2,22,2,CHARGING,61,19.94
2026-09-12 23:44:49,Турка,30663,True,129122,Type1,7,1,FREE,,22.04
2026-09-12 23:44:49,Дрогобич,12015,True,119565,Chademo,80,2,CHARGING,83,18
2026-09-12 23:44:49,Дрогобич,12015,True,119566,CCS2,80,2,CHARGING,15,16.53
2026-09-12 23:44:49,Дрогобич,12015,True,119567,GBT DC,80,4,OTHER/OFFLINE,,21.09
2026-09-12 23:44:49,Дрогобич,12015,True,119568,Type2,22,1,FREE,,17
2026-09-13 00:22:15,Ралівка,12095,True,119867,Chademo,80,2,CHARGING,42,19.04
2026-09-13 00:22:15,Ралівка,12095,True,119868,CCS2,120,1,FREE,,15.36
2026-09-13 00:22:15,Ралівка,12095,True,119869,GBT DC,120,2,CHARGING,89,17.6
2026-09-13 00:22:15,Ралівка,12095,True,119870,Type2,22,2,CHARGING,23,11.44
2026-09-13 00:22:15,Турка,30663,True,129119,Chademo,40,1,FREE,,22.53
2026-09-13 00:22:15,Турка,30663,True,129120,CCS2,40,3,FINISHING,,29.63
2026-09-13 00:22:15,Турка,30663,True,129121,Type2,22,1,FREE,,19.73
2026-09-13 00:22:15,Турка,30663,True,129122,Type1,7,2,CHARGING,47,18.05
2026-09-13 00:22:15,Дрогобич,12015,True,119565,Chademo,80,1,FREE,,17.28
2026-09-13 00:22:15,Дрогобич,12015,True,119566,CCS2,80,2,CHARGING,25,19.95
2026-09-13 00:22:15,Дрогобич,12015,True,119567,GBT DC,80,1,FREE,,17.48
2026-09-13 00:22:15,Дрогобич,12015,True,119568,Type2,22,4,OTHER/OFFLINE,,20.57
2026-09-13 03:16:36,Ралівка,12095,True,119867,Chademo,80,4,OTHER/OFFLINE,,19.36
2026-09-13 03:16:36,Ралівка,12095,True,119868,CCS2,120,3,FINISHING,,16.16
2026-09-13 03:16:36,Ралівка,12095,True,119869,GBT DC,120,1,FREE,,16
2026-09-13 03:16:36,Ралівка,12095,True,119870,Type2,22,1,FREE,,14.3
2026-09-13 03:16:36,Турка,30663,True,129119,Chademo,40,1,FREE,,21.8
2026-09-13 03:16:36,Турка,30663,True,129120,CCS2,40,2,CHARGING,65,21.8
2026-09-13 03:16:36,Турка,30663,True,129121,Type2,22,2,CHARGING,81,19.94
2026-09-13 03:16:36,Турка,30663,True,129122,Type1,7,1,FREE,,24.14
2026-09-13 03:16:36,Дрогобич,12015,True,119565,Chademo,80,2,CHARGING,43,18.9
2026-09-13 03:16:36,Дрогобич,12015,True,119566,CCS2,80,1,FREE,,22.99
2026-09-13 03:16:36,Дрогобич,12015,True,119567,GBT DC,80,1,FREE,,23.18
2026-09-13 03:16:36,Дрогобич,12015,True,119568,Type2,22,1,FREE,,17.34
2026-09-13 05:08:56,Ралівка,12095,True,119867,Chademo,80,2,CHARGING,45,19.84
2026-09-13 05:08:56,Ралівка,12095,True,119868,CCS2,120,2,CHARGING,74,15.68
2026-09-13 05:08:56,Ралівка,12095,True,119869,GBT DC,120,1,FREE,,16.96
2026-09-13 05:08:56,Ралівка,12095,True,119870,Type2,22,4,OTHER/OFFLINE,,12.48
2026-09-13 05:08:56,Турка,30663,True,129119,Chademo,40,2,CHARGING,79,25.96
2026-09-13 05:08:56,Турка,30663,True,129120,CCS2,40,3,FINISHING,,23.27
2026-09-13 05:08:56,Турка,30663,True,129121,Type2,22,2,CHARGING,32,20.36
2026-09-13 05:08:56,Турка,30663,True,129122,Type1,7,2,CHARGING,84,21.41
2026-09-13 05:08:56,Дрогобич,12015,True,119565,Chademo,80,2,CHARGING,22,16.2
2026-09-13 05:08:56,Дрогобич,12015,True,119566,CCS2,80,1,FREE,,22.23
2026-09-13 05:08:56,Дрогобич,12015,True,119567,GBT DC,80,1,FREE,,16.15
2026-09-13 05:08:56,Дрогобич,12015,True,119568,Type2,22,2,CHARGING,57,16.66
2026-09-13 09:00:20,Ралівка,12095,True,119867,Chademo,80,2,CHARGING,87,15.68
2026-09-13 09:00:20,Ралівка,12095,True,119868,CCS2,120,2,CHARGING,68,15.36
2026-09-13 09:00:20,Ралівка,12095,True,119869,GBT DC,120,2,CHARGING,48,15.52
2026-09-13 09:00:20,Ралівка,12095,True,119870,Type2,22,1,FREE,,11.44
2026-09-13 09:00:20,Турка,30663,True,129119,Chademo,40,2,CHARGING,57,24.25
2026-09-13 09:00:20,Турка,30663,True,129120,CCS2,40,3,FINISHING,,26.69
2026-09-13 09:00:20,Турка,30663,True,129121,Type2,22,2,CHARGING,30,18.47
2026-09-13 09:00:20,Турка,30663,True,129122,Type1,7,2,CHARGING,70,21.83
2026-09-13 09:00:20,Дрогобич,12015,True,119565,Chademo,80,4,OTHER/OFFLINE,,21.06
2026-09-13 09:00:20,Дрогобич,12015,True,119566,CCS2,80,4,OTHER/OFFLINE,,18.24
2026-09-13 09:00:20,Дрогобич,12015,True,119567,GBT DC,80,4,OTHER/OFFLINE,,23.56
2026-09-13 09:00:20,Дрогобич,12015,True,119568,Type2,22,2,CHARGING,19,19.89
2026-09-13 10:17:47,Ралівка,12095,True,119867,Chademo,80,2,CHARGING,23,14.72
2026-09-13 10:17:47,Ралівка,12095,True,119868,CCS2,120,4,OTHER/OFFLINE,,19.68
2026-09-13 10:17:47,Ралівка,12095,True,119869,GBT DC,120,2,CHARGING,24,18.4
2026-09-13 10:17:47,Ралівка,12095,True,119870,Type2,22,4,OTHER/OFFLINE,,11.83
2026-09-13 10:17:47,Турка,30663,True,129119,Chademo,40,2,CHARGING,49,23.76
2026-09-13 10:17:47,Турка,30663,True,129120,CCS2,40,2,CHARGING,22,26.2
2026-09-13 10:17:47,Турка,30663,True,129121,Type2,22,2,CHARGING,82,18.68
2026-09-13 10:17:47,Турка,30663,True,129122,Type1,7,2,CHARGING,22,18.47
2026-09-13 10:17:47,Дрогобич,12015,True,119565,Chademo,80,2,CHARGING,32,18.18
2026-09-13 10:17:47,Дрогобич,12015,True,119566,CCS2,80,2,CHARGING,44,18.43
2026-09-13 10:17:47,Дрогобич,12015,True,119567,GBT DC,80,2,CHARGING,44,21.66
2026-09-13 10:17:47,Дрогобич,12015,True,119568,Type2,22,2,CHARGING,51,16.83
2026-09-13 13:40:17,Ралівка,12095,True,119867,Chademo,80,1,FREE,,16.8
2026-09-13 13:40:17,Ралівка,12095,True,119868,CCS2,120,1,FREE,,17.12
2026-09-13 13:40:17,Ралівка,12095,True,119869,GBT DC,120,1,FREE,,16.8
2026-09-13 13:40:17,Ралівка,12095,True,119870,Type2,22,2,CHARGING,51,12.74
2026-09-13 13:40:17,Турка,30663,True,129119,Chademo,40,2,CHARGING,60,29.14
2026-09-13 13:40:17,Турка,30663,True,129120,CCS2,40,2,CHARGING,71,24.25
2026-09-13 13:40:17,Турка,30663,True,129121,Type2,22,1,FREE,,21.41
2026-09-13 13:40:17,Турка,30663,True,129122,Type1,7,1,FREE,,20.99
2026-09-13 13:40:17,Дрогобич,12015,True,119565,Chademo,80,1,FREE,,17.64
2026-09-13 13:40:17,Дрогобич,12015,True,119566,CCS2,80,2,CHARGING,77,20.71
2026-09-13 13:40:17,Дрогобич,12015,True,119567,GBT DC,80,2,CHARGING,41,23.37
2026-09-13 13:40:17,Дрогобич,12015,True,119568,Type2,22,4,OTHER/OFFLINE,,16.15
2026-09-13 14:29:13,Ралівка,12095,True,119867,Chademo,80,1,FREE,,15.36
2026-09-13 14:29:13,Ралівка,12095,True,119868,CCS2,120,2,CHARGING,39,14.24
2026-09-13 14:29:13,Ралівка,12095,True,119869,GBT DC,120,1,FREE,,19.36
2026-09-13 14:29:13,Ралівка,12095,True,119870,Type2,22,2,CHARGING,33,15.86
2026-09-13 14:29:13,Турка,30663,True,129119,Chademo,40,1,FREE,,24.49
2026-09-13 14:29:13,Турка,30663,True,129120,CCS2,40,4,OTHER/OFFLINE,,23.02
2026-09-13 14:29:13,Турка,30663,True,129121,Type2,22,1,FREE,,18.05
2026-09-13 14:29:13,Турка,30663,True,129122,Type1,7,2,CHARGING,57,24.77
2026-09-13 14:29:13,Дрогобич,12015,True,119565,Chademo,80,1,FREE,,17.46
2026-09-13 14:29:13,Дрогобич,12015,True,119566,CCS2,80,1,FREE,,21.09
2026-09-13 14:29:13,Дрогобич,12015,True,119567,GBT DC,80,4,OTHER/OFFLINE,,19
2026-09-13 14:29:13,Дрогобич,12015,True,119568,Type2,22,3,FINISHING,,15.47
2026-09-13 17:16:19,Ралівка,12095,True,119867,Chademo,80,1,FREE,,16.8
2026-09-13 17:16:19,Ралівка,12095,True,119868,CCS2,120,2,CHARGING,29,15.2
2026-09-13 17:16:19,Ралівка,12095,True,119869,GBT DC,120,2,CHARGING,57,14.72
2026-09-13 17:16:19,Ралівка,12095,True,119870,Type2,22,2,CHARGING,43,11.57
2026-09-13 17:16:19,Турка,30663,True,129119,Chademo,40,2,CHARGING,20,21.55
2026-09-13 17:16:19,Турка,30663,True,129120,CCS2,40,3,FINISHING,,22.04
2026-09-13 17:16:19,Турка,30663,True,129121,Type2,22,4,OTHER/OFFLINE,,19.52
2026-09-13 17:16:19,Турка,30663,True,129122,Type1,7,2,CHARGING,51,22.04
2026-09-13 17:16:19,Дрогобич,12015,True,119565,Chademo,80,1,FREE,,16.74
2026-09-13 17:16:19,Дрогобич,12015,True,119566,CCS2,80,3,FINISHING,,19.95
2026-09-13 17:16:19,Дрогобич,12015,True,119567,GBT DC,80,2,CHARGING,29,16.72
2026-09-13 17:16:19,Дрогобич,12015,True,119568,Type2,22,2,CHARGING,54,18.02
2026-09-13 17:36:27,Ралівка,12095,True,119867,Chademo,80,1,FREE,,17.44
2026-09-13 17:36:27,Ралівка,12095,True,119868,CCS2,120,2,CHARGING,63,14.24
2026-09-13 17:36:27,Ралівка,12095,True,119869,GBT DC,120,2,CHARGING,23,19.04
2026-09-13 17:36:27,Ралівка,12095,True,119870,Type2,22,3,FINISHING,,12.22
2026-09-13 17:36:27,Турка,30663,True,129119,Chademo,40,2,CHARGING,78,24.73
2026-09-13 17:36:27,Турка,30663,True,129120,CCS2,40,1,FREE,,23.51
2026-09-13 17:36:27,Турка,30663,True,129121,Type2,22,2,CHARGING,73,18.47
2026-09-13 17:36:27,Турка,30663,True,129122,Type1,7,1,FREE,,20.99
2026-09-13 17:36:27,Дрогобич,12015,True,119565,Chademo,80,2,CHARGING,87,22.14
2026-09-13 17:36:27,Дрогобич,12015,True,119566,CCS2,80,2,CHARGING,79,18.62
2026-09-13 17:36:27,Дрогобич,12015,True,119567,GBT DC,80,1,FREE,,21.47
2026-09-13 17:36:27,Дрогобич,12015,True,119568,Type2,22,1,FREE,,21.08
2026-09-13 19:47:47,Ралівка,12095,True,119867,Chademo,80,1,FREE,,16
2026-09-13 19:47:47,Ралівка,12095,True,119868,CCS2,120,2,CHARGING,25,16
2026-09-13 19:47:47,Ралівка,12095,True,119869,GBT DC,120,2,CHARGING,41,16
2026-09-13 19:47:47,Ралівка,12095,True,119870,Type2,22,1,FREE,,12.61
2026-09-13 19:47:47,Турка,30663,True,129119,Chademo,40,2,CHARGING,60,28.9
2026-09-13 19:47:47,Турка,30663,True,129120,CCS2,40,2,CHARGING,55,27.92
2026-09-13 19:47:47,Турка,30663,True,129121,Type2,22,3,FINISHING,,19.94
2026-09-13 19:47:47,Турка,30663,True,129122,Type1,7,3,FINISHING,,19.1
2026-09-13 19:47:47,Дрогобич,12015,True,119565,Chademo,80,4,OTHER/OFFLINE,,21.78
2026-09-13 19:47:47,Дрогобич,12015,True,119566,CCS2,80,3,FINISHING,,22.42
2026-09-13 19:47:47,Дрогобич,12015,True,119567,GBT DC,80,3,FINISHING,,17.67
2026-09-13 19:47:47,Дрогобич,12015,True,119568,Type2,22,4,OTHER/OFFLINE,,17.17
2026-09-13 20:21:01,Ралівка,12095,True,119867,Chademo,80,1,FREE,,15.2
2026-09-13 20:21:01,Ралівка,12095,True,119868,CCS2,120,2,CHARGING,28,17.44
2026-09-13 20:21:01,Ралівка,12095,True,119869,GBT DC,120,3,FINISHING,,16.32
2026-09-13 20:21:01,Ралівка,12095,True,119870,Type2,22,3,FINISHING,,11.18
2026-09-13 20:21:01,Турка,30663,True,129119,Chademo,40,1,FREE,,23.02
2026-09-13 20:21:01,Турка,30663,True,129120,CCS2,40,2,CHARGING,62,30.37
2026-09-13 20:21:01,Турка,30663,True,129121,Type2,22,4,OTHER/OFFLINE,,19.1
2026-09-13 20:21:01,Турка,30663,True,129122,Type1,7,1,FREE,,25.4
2026-09-13 20:21:01,Дрогобич,12015,True,119565,Chademo,80,1,FREE,,17.46
2026-09-13 20:21:01,Дрогобич,12015,True,119566,CCS2,80,2,CHARGING,72,18.81
2026-09-13 20:21:01,Дрогобич,12015,True,119567,GBT DC,80,1,FREE,,18.62
2026-09-13 20:21:01,Дрогобич,12015,True,119568,Type2,22,2,CHARGING,39,18.36
2026-09-13 21:49:17,Ралівка,12095,True,119867,Chademo,80,4,OTHER/OFFLINE,,18.08
2026-09-13 21:49:17,Ралівка,12095,True,119868,CCS2,120,2,CHARGING,31,14.4
2026-09-13 21:49:17,Ралівка,12095,True,119869,GBT DC,120,2,CHARGING,67,18.72
2026-09-13 21:49:17,Ралівка,12095,True,119870,Type2,22,2,CHARGING,57,13
2026-09-13 21:49:17,Турка,30663,True,129119,Chademo,40,2,CHARGING,26,25.71
2026-09-13 21:49:17,Турка,30663,True,129120,CCS2,40,2,CHARGING,89,29.63
2026-09-13 21:49:17,Турка,30663,True,129121,Type2,22,2,CHARGING,89,21.2
2026-09-13 21:49:17,Турка,30663,True,129122,Type1,7,2,CHARGING,69,17.84
2026-09-13 21:49:17,Дрогобич,12015,True,119565,Chademo,80,2,CHARGING,71,17.28
2026-09-13 21:49:17,Дрогобич,12015,True,119566,CCS2,80,3,FINISHING,,20.33
2026-09-13 21:49:17,Дрогобич,12015,True,119567,GBT DC,80,2,CHARGING,71,18.43
2026-09-13 21:49:17,Дрогобич,12015,True,119568,Type2,22,3,FINISHING,,19.04
2026-09-13 22:53:10,Ралівка,12095,True,119867,Chademo,80,2,CHARGING,43,15.36
2026-09-13 22:53:10,Ралівка,12095,True,119868,CCS2,120,1,FREE,,16
2026-09-13 22:53:10,Ралівка,12095,True,119869,GBT DC,120,3,FINISHING,,15.04
2026-09-13 22:53:10,Ралівка,12095,True,119870,Type2,22,2,CHARGING,18,13.13
2026-09-13 22:53:10,Турка,30663,True,129119,Chademo,40,2,CHARGING,29,22.78
2026-09-13 22:53:10,Турка,30663,True,129120,CCS2,40,3,FINISHING,,23.76
2026-09-13 22:53:10,Турка,30663,True,129121,Type2,22,2,CHARGING,30,21.2
2026-09-13 22:53:10,Турка,30663,True,129122,Type1,7,2,CHARGING,74,21.83
2026-09-13 22:53:10,Дрогобич,12015,True,119565,Chademo,80,2,CHARGING,80,21.24
2026-09-13 22:53:10,Дрогобич,12015,True,119566,CCS2,80,2,CHARGING,52,23.56
2026-09-13 22:53:10,Дрогобич,12015,True,119567,GBT DC,80,1,FREE,,17.67
2026-09-13 22:53:10,Дрогобич,12015,True,119568,Type2,22,3,FINISHING,,17.85
2026-09-13 23:44:06,Ралівка,12095,True,119867,Chademo,80,2,CHARGING,86,16.8
2026-09-13 23:44:06,Ралівка,12095,True,119868,CCS2,120,1,FREE,,16.64
2026-09-13 23:44:06,Ралівка,12095,True,119869,GBT DC,120,2,CHARGING,73,19.04
2026-09-13 23:44:06,Ралівка,12095,True,119870,Type2,22,2,CHARGING,67,13.78
2026-09-13 23:44:06,Турка,30663,True,129119,Chademo,40,2,CHARGING,64,29.63
2026-09-13 23:44:06,Турка,30663,True,129120,CCS2,40,2,CHARGING,47,20.82
2026-09-13 23:44:06,Турка,30663,True,129121,Type2,22,4,OTHER/OFFLINE,,25.4
2026-09-13 23:44:06,Турка,30663,True,129122,Type1,7,1,FREE,,26.24
2026-09-13 23:44:06,Дрогобич,12015,True,119565,Chademo,80,2,CHARGING,77,22.14
2026-09-13 23:44:06,Дрогобич,12015,True,119566,CCS2,80,1,FREE,,23.56
2026-09-13 23:44:06,Дрогобич,12015,True,119567,GBT DC,80,4,OTHER/OFFLINE,,18.43
2026-09-13 23:44:06,Дрогобич,12015,True,119568,Type2,22,1,FREE,,18.02
2026-09-14 00:44:33,Ралівка,12095,True,119867,Chademo,80,4,OTHER/OFFLINE,,13.6
2026-09-14 00:44:33,Ралівка,12095,True,119868,CCS2,120,2,CHARGING,66,19.84
2026-09-14 00:44:33,Ралівка,12095,True,119869,GBT DC,120,2,CHARGING,82,18.88
2026-09-14 00:44:33,Ралівка,12095,True,119870,Type2,22,2,CHARGING,64,12.35
2026-09-14 00:44:33,Турка,30663,True,129119,Chademo,40,2,CHARGING,51,24.49
2026-09-14 00:44:33,Турка,30663,True,129120,CCS2,40,3,FINISHING,,21.31
2026-09-14 00:44:33,Турка,30663,True,129121,Type2,22,2,CHARGING,72,25.4
2026-09-14 00:44:33,Турка,30663,True,129122,Type1,7,1,FREE,,21.2
2026-09-14 00:44:33,Дрогобич,12015,True,119565,Chademo,80,3,FINISHING,,19.26
2026-09-14 00:44:33,Дрогобич,12015,True,119566,CCS2,80,2,CHARGING,50,20.9
2026-09-14 00:44:33,Дрогобич,12015,True,119567,GBT DC,80,2,CHARGING,30,20.52
2026-09-14 00:44:33,Дрогобич,12015,True,119568,Type2,22,3,FINISHING,,16.15
2026-09-14 01:45:04,Ралівка,12095,True,119867,Chademo,80,2,CHARGING,37,17.92
2026-09-14 01:45:04,Ралівка,12095,True,119868,CCS2,120,2,CHARGING,22,14.72
2026-09-14 01:45:04,Ралівка,12095,True,119869,GBT DC,120,4,OTHER/OFFLINE,,18.56
2026-09-14 01:45:04,Ралівка,12095,True,119870,Type2,22,3,FINISHING,,13.78
2026-09-14 01:45:04,Турка,30663,True,129119,Chademo,40,1,FREE,,25.96
2026-09-14 01:45:04,Турка,30663,True,129120,CCS2,40,2,CHARGING,36,28.9
2026-09-14 01:45:04,Турка,30663,True,129121,Type2,22,1,FREE,,23.3
2026-09-14 01:45:04,Турка,30663,True,129122,Type1,7,2,CHARGING,16,21.62
2026-09-14 01:45:04,Дрогобич,12015,True,119565,Chademo,80,2,CHARGING,26,18.18
2026-09-14 01:45:04,Дрогобич,12015,True,119566,CCS2,80,2,CHARGING,58,20.52
2026-09-14 01:45:04,Дрогобич,12015,True,119567,GBT DC,80,2,CHARGING,38,18.62
2026-09-14 01:45:04,Дрогобич,12015,True,119568,Type2,22,2,CHARGING,61,18.36
2026-09-14 05:48:23,Ралівка,12095,True,119867,Chademo,80,2,CHARGING,62,17.44
2026-09-14 05:48:23,Ралівка,12095,True,119868,CCS2,120,1,FREE,,13.6
2026-09-14 05:48:23,Ралівка,12095,True,119869,GBT DC,120,1,FREE,,13.6
2026-09-14 05:48:23,Ралівка,12095,True,119870,Type2,22,2,CHARGING,63,15.08
2026-09-14 05:48:23,Турка,30663,True,129119,Chademo,40,2,CHARGING,20,22.04
2026-09-14 05:48:23,Турка,30663,True,129120,CCS2,40,1,FREE,,24.73
2026-09-14 05:48:23,Турка,30663,True,129121,Type2,22,2,CHARGING,83,22.25
2026-09-14 05:48:23,Турка,30663,True,129122,Type1,7,2,CHARGING,31,25.61
2026-09-14 05:48:23,Дрогобич,12015,True,119565,Chademo,80,2,CHARGING,73,18.18
2026-09-14 05:48:23,Дрогобич,12015,True,119566,CCS2,80,4,OTHER/OFFLINE,,17.86
2026-09-14 05:48:23,Дрогобич,12015,True,119567,GBT DC,80,3,FINISHING,,21.09
2026-09-14 05:48:23,Дрогобич,12015,True,119568,Type2,22,4,OTHER/OFFLINE,,15.13
2026-09-14 07:11:57,Ралівка,12095,True,119867,Chademo,80,2,CHARGING,78,18.4
2026-09-14 07:11:57,Ралівка,12095,True,119868,CCS2,120,3,FINISHING,,19.04
2026-09-14 07:11:57,Ралівка,12095,True,119869,GBT DC,120,2,CHARGING,77,17.76
2026-09-14 07:11:57,Ралівка,12095,True,119870,Type2,22,2,CHARGING,19,16.25
2026-09-14 07:11:57,Турка,30663,True,129119,Chademo,40,2,CHARGING,64,26.45
2026-09-14 07:11:57,Турка,30663,True,129120,CCS2,40,4,OTHER/OFFLINE,,29.39
2026-09-14 07:11:57,Турка,30663,True,129121,Type2,22,2,CHARGING,87,18.89
2026-09-14 07:11:57,Турка,30663,True,129122,Type1,7,2,CHARGING,51,22.25
2026-09-14 07:11:57,Дрогобич,12015,True,119565,Chademo,80,2,CHARGING,37,15.84
2026-09-14 07:11:57,Дрогобич,12015,True,119566,CCS2,80,2,CHARGING,85,20.52
2026-09-14 07:11:57,Дрогобич,12015,True,119567,GBT DC,80,2,CHARGING,21,23.56
2026-09-14 07:11:57,Дрогобич,12015,True,119568,Type2,22,1,FREE,,19.72
2026-09-14 11:52:02,Ралівка,12095,True,119867,Chademo,80,1,FREE,,14.24
2026-09-14 11:52:02,Ралівка,12095,True,119868,CCS2,120,2,CHARGING,73,19.52
2026-09-14 11:52:02,Ралівка,12095,True,119869,GBT DC,120,1,FREE,,14.4
2026-09-14 11:52:02,Ралівка,12095,True,119870,Type2,22,3,FINISHING,,16.12
2026-09-14 11:52:02,Турка,30663,True,129119,Chademo,40,2,CHARGING,44,27.92
2026-09-14 11:52:02,Турка,30663,True,129120,CCS2,40,2,CHARGING,51,28.65
2026-09-14 11:52:02,Турка,30663,True,129121,Type2,22,2,CHARGING,47,19.1
2026-09-14 11:52:02,Турка,30663,True,129122,Type1,7,2,CHARGING,35,24.56
2026-09-14 11:52:02,Дрогобич,12015,False,119565,Chademo,80,2,CHARGING,81,15.48
2026-09-14 11:52:02,Дрогобич,12015,False,119566,CCS2,80,2,CHARGING,17,19.95
2026-09-14 11:52:02,Дрогобич,12015,False,119567,GBT DC,80,1,FREE,,18.43
2026-09-14 11:52:02,Дрогобич,12015,False,119568,Type2,22,1,FREE,,20.4
2026-09-14 14:09:29,Ралівка,12095,True,119867,Chademo,80,2,CHARGING,33,18.56
2026-09-14 14:09:29,Ралівка,12095,True,119868,CCS2,120,4,OTHER/OFFLINE,,16.16
2026-09-14 14:09:29,Ралівка,12095,True,119869,GBT DC,120,2,CHARGING,62,13.92
2026-09-14 14:09:29,Ралівка,12095,True,119870,Type2,22,2,CHARGING,32,13.13
2026-09-14 14:09:29,Турка,30663,True,129119,Chademo,40,2,CHARGING,83,27.18
2026-09-14 14:09:29,Турка,30663,True,129120,CCS2,40,2,CHARGING,64,21.55
2026-09-14 14:09:29,Турка,30663,True,129121,Type2,22,2,CHARGING,76,25.4
2026-09-14 14:09:29,Турка,30663,True,129122,Type1,7,1,FREE,,21.62
2026-09-14 14:09:29,Дрогобич,12015,True,119565,Chademo,80,2,CHARGING,66,19.98
2026-09-14 14:09:29,Дрогобич,12015,True,119566,CCS2,80,4,OTHER/OFFLINE,,16.72
2026-09-14 14:09:29,Дрогобич,12015,True,119567,GBT DC,80,2,CHARGING,70,18.81
2026-09-14 14:09:29,Дрогобич,12015,True,119568,Type2,22,2,CHARGING,21,19.04
2026-09-14 17:44:08,Ралівка,12095,True,119867,Chademo,80,2,CHARGING,20,13.6
2026-09-14 17:44:08,Ралівка,12095,True,119868,CCS2,120,2,CHARGING,59,15.68
2026-09-14 17:44:08,Ралівка,12095,True,119869,GBT DC,120,2,CHARGING,27,16.64
2026-09-14 17:44:08,Ралівка,12095,True,119870,Type2,22,1,FREE,,12.87
2026-09-14 17:44:08,Турка,30663,True,129119,Chademo,40,2,CHARGING,86,28.65
2026-09-14 17:44:08,Турка,30663,True,129120,CCS2,40,1,FREE,,27.67
2026-09-14 17:44:08,Турка,30663,True,129121,Type2,22,3,FINISHING,,21.83
2026-09-14 17:44:08,Турка,30663,True,129122,Type1,7,3,FINISHING,,25.19
2026-09-14 17:44:08,Дрогобич,12015,True,119565,Chademo,80,1,FREE,,18.9
2026-09-14 17:44:08,Дрогобич,12015,True,119566,CCS2,80,2,CHARGING,23,19.57
2026-09-14 17:44:08,Дрогобич,12015,True,119567,GBT DC,80,1,FREE,,19.19
2026-09-14 17:44:08,Дрогобич,12015,True,119568,Type2,22,2,CHARGING,56,20.57
2026-09-14 19:22:42,Ралівка,12095,True,119867,Chademo,80,1,FREE,,17.44
2026-09-14 19:22:42,Ралівка,12095,True,119868,CCS2,120,2,CHARGING,69,15.84
2026-09-14 19:22:42,Ралівка,12095,True,119869,GBT DC,120,2,CHARGING,17,19.68
2026-09-14 19:22:42,Ралівка,12095,True,119870,Type2,22,2,CHARGING,71,11.7
2026-09-14 19:22:42,Турка,30663,True,129119,Chademo,40,1,FREE,,22.29
2026-09-14 19:22:42,Турка,30663,True,129120,CCS2,40,2,CHARGING,63,22.78
2026-09-14 19:22:42,Турка,30663,True,129121,Type2,22,3,FINISHING,,25.82
2026-09-14 19:22:42,Турка,30663,True,129122,Type1,7,1,FREE,,25.4
2026-09-14 19:22:42,Дрогобич,12015,True,119565,Chademo,80,3,FINISHING,,20.16
2026-09-14 19:22:42,Дрогобич,12015,True,119566,CCS2,80,1,FREE,,23.56
2026-09-14 19:22:42,Дрогобич,12015,True,119567,GBT DC,80,1,FREE,,19.57
2026-09-14 19:22:42,Дрогобич,12015,True,119568,Type2,22,1,FREE,,16.83
2026-09-14 21:30:43,Ралівка,12095,True,119867,Chademo,80,2,CHARGING,25,19.04
2026-09-14 21:30:43,Ралівка,12095,True,119868,CCS2,120,1,FREE,,18.56
2026-09-14 21:30:43,Ралівка,12095,True,119869,GBT DC,120,2,CHARGING,22,15.2
2026-09-14 21:30:43,Ралівка,12095,True,119870,Type2,22,1,FREE,,12.22
2026-09-14 21:30:43,Турка,30663,True,129119,Chademo,40,4,OTHER/OFFLINE,,23.02
2026-09-14 21:30:43,Турка,30663,True,129120,CCS2,40,2,CHARGING,84,24.98
2026-09-14 21:30:43,Турка,30663,True,129121,Type2,22,2,CHARGING,80,24.35
2026-09-14 21:30:43,Турка,30663,True,129122,Type1,7,3,FINISHING,,21.83
2026-09-14 21:30:43,Дрогобич,12015,True,119565,Chademo,80,2,CHARGING,26,16.74
2026-09-14 21:30:43,Дрогобич,12015,True,119566,CCS2,80,2,CHARGING,18,16.34
2026-09-14 21:30:43,Дрогобич,12015,True,119567,GBT DC,80,2,CHARGING,66,23.18
2026-09-14 21:30:43,Дрогобич,12015,True,119568,Type2,22,2,CHARGING,53,20.23
2026-09-14 22:37:44,Ралівка,12095,True,119867,Chademo,80,2,CHARGING,80,16.16
2026-09-14 22:37:44,Ралівка,12095,True,119868,CCS2,120,1,FREE,,15.52
2026-09-14 22:37:44,Ралівка,12095,True,119869,GBT DC,120,1,FREE,,14.56
2026-09-14 22:37:44,Ралівка,12095,True,119870,Type2,22,2,CHARGING,45,15.08
2026-09-14 22:37:44,Турка,30663,True,129119,Chademo,40,2,CHARGING,50,25.47
2026-09-14 22:37:44,Турка,30663,True,129120,CCS2,40,1,FREE,,25.47
2026-09-14 22:37:44,Турка,30663,True,129121,Type2,22,2,CHARGING,89,19.94
2026-09-14 22:37:44,Турка,30663,True,129122,Type1,7,1,FREE,,24.98
2026-09-14 22:37:44,Дрогобич,12015,True,119565,Chademo,80,3,FINISHING,,19.44
2026-09-14 22:37:44,Дрогобич,12015,True,119566,CCS2,80,2,CHARGING,87,17.1
2026-09-14 22:37:44,Дрогобич,12015,True,119567,GBT DC,80,1,FREE,,19
2026-09-14 22:37:44,Дрогобич,12015,True,119568,Type2,22,4,OTHER/OFFLINE,,16.32
2026-09-15 00:17:55,Ралівка,12095,True,119867,Chademo,80,1,FREE,,16.16
2026-09-15 00:17:55,Ралівка,12095,True,119868,CCS2,120,3,FINISHING,,15.84
2026-09-15 00:17:55,Ралівка,12095,True,119869,GBT DC,120,1,FREE,,20
2026-09-15 00:17:55,Ралівка,12095,True,119870,Type2,22,2,CHARGING,83,11.31
2026-09-15 00:17:55,Турка,30663,True,129119,Chademo,40,1,FREE,,29.39
2026-09-15 00:17:55,Турка,30663,True,129120,CCS2,40,2,CHARGING,87,28.9
2026-09-15 00:17:55,Турка,30663,True,129121,Type2,22,1,FREE,,20.36
2026-09-15 00:17:55,Турка,30663,True,129122,Type1,7,3,FINISHING,,24.14
2026-09-15 00:17:55,Дрогобич,12015,True,119565,Chademo,80,3,FINISHING,,16.74
2026-09-15 00:17:55,Дрогобич,12015,True,119566,CCS2,80,2,CHARGING,57,22.42
2026-09-15 00:17:55,Дрогобич,12015,True,119567,GBT DC,80,2,CHARGING,33,22.8
2026-09-15 00:17:55,Дрогобич,12015,True,119568,Type2,22,2,CHARGING,70,19.55
2026-09-15 00:54:53,Ралівка,12095,True,119867,Chademo,80,1,FREE,,16.8
2026-09-15 00:54:53,Ралівка,12095,True,119868,CCS2,120,2,CHARGING,53,17.44
2026-09-15 00:54:53,Ралівка,12095,True,119869,GBT DC,120,3,FINISHING,,16
2026-09-15 00:54:53,Ралівка,12095,True,119870,Type2,22,2,CHARGING,83,13.39
2026-09-15 00:54:53,Турка,30663,True,129119,Chademo,40,2,CHARGING,36,20.82
2026-09-15 00:54:53,Турка,30663,True,129120,CCS2,40,3,FINISHING,,21.8
2026-09-15 00:54:53,Турка,30663,True,129121,Type2,22,2,CHARGING,67,19.1
2026-09-15 00:54:53,Турка,30663,True,129122,Type1,7,1,FREE,,25.19
2026-09-15 00:54:53,Дрогобич,12015,True,119565,Chademo,80,1,FREE,,19.26
2026-09-15 00:54:53,Дрогобич,12015,True,119566,CCS2,80,1,FREE,,21.47
2026-09-15 00:54:53,Дрогобич,12015,True,119567,GBT DC,80,2,CHARGING,21,16.91
2026-09-15 00:54:53,Дрогобич,12015,True,119568,Type2,22,2,CHARGING,74,14.62
2026-09-15 05:50:04,Ралівка,12095,True,119867,Chademo,80,2,CHARGING,18,16.16
2026-09-15 05:50:04,Ралівка,12095,True,119868,CCS2,120,2,CHARGING,81,15.36
2026-09-15 05:50:04,Ралівка,12095,True,119869,GBT DC,120,2,CHARGING,61,14.08
2026-09-15 05:50:04,Ралівка,12095,True,119870,Type2,22,2,CHARGING,87,11.7
2026-09-15 05:50:04,Турка,30663,True,129119,Chademo,40,2,CHARGING,40,30.37
2026-09-15 05:50:04,Турка,30663,True,129120,CCS2,40,3,FINISHING,,25.22
2026-09-15 05:50:04,Турка,30663,True,129121,Type2,22,2,CHARGING,83,23.3
2026-09-15 05:50:04,Турка,30663,True,129122,Type1,7,2,CHARGING,15,24.56
2026-09-15 05:50:04,Дрогобич,12015,True,119565,Chademo,80,1,FREE,,21.6
2026-09-15 05:50:04,Дрогобич,12015,True,119566,CCS2,80,1,FREE,,19.76
2026-09-15 05:50:04,Дрогобич,12015,True,119567,GBT DC,80,1,FREE,,22.8
2026-09-15 05:50:04,Дрогобич,12015,True,119568,Type2,22,2,CHARGING,34,19.72
2026-09-15 05:57:37,Ралівка,12095,True,119867,Chademo,80,2,CHARGING,18,16.16
2026-09-15 05:57:37,Ралівка,12095,True,119868,CCS2,120,2,CHARGING,81,15.36
2026-09-15 05:57:37,Ралівка,12095,True,119869,GBT DC,120,2,CHARGING,61,14.08
2026-09-15 05:57:37,Ралівка,12095,True,119870,Type2,22,2,CHARGING,87,11.7
2026-09-15 05:57:37,Турка,30663,True,129119,Chademo,40,2,CHARGING,40,30.37
2026-09-15 05:57:37,Турка,30663,True,129120,CCS2,40,3,FINISHING,,25.22
2026-09-15 05:57:37,Турка,30663,True,129121,Type2,22,2,CHARGING,83,23.3
2026-09-15 05:57:37,Турка,30663,True,129122,Type1,7,2,CHARGING,15,24.56
2026-09-15 05:57:37,Дрогобич,12015,True,119565,Chademo,80,1,FREE,,21.6
2026-09-15 05:57:37,Дрогобич,12015,True,119566,CCS2,80,1,FREE,,19.76
2026-09-15 05:57:37,Дрогобич,12015,True,119567,GBT DC,80,1,FREE,,22.8
2026-09-15 05:57:37,Дрогобич,12015,True,119568,Type2,22,2,CHARGING,34,19.72
2026-09-15 11:07:25,Ралівка,12095,True,119867,Chademo,80,2,CHARGING,49,17.6
2026-09-15 11:07:25,Ралівка,12095,True,119868,CCS2,120,2,CHARGING,78,18.88
2026-09-15 11:07:25,Ралівка,12095,True,119869,GBT DC,120,2,CHARGING,22,17.6
2026-09-15 11:07:25,Ралівка,12095,True,119870,Type2,22,3,FINISHING,,12.35
2026-09-15 11:07:25,Турка,30663,True,129119,Chademo,40,1,FREE,,27.92
2026-09-15 11:07:25,Турка,30663,True,129120,CCS2,40,1,FREE,,27.18
2026-09-15 11:07:25,Турка,30663,True,129121,Type2,22,2,CHARGING,48,20.15
2026-09-15 11:07:25,Турка,30663,True,129122,Type1,7,1,FREE,,19.1
2026-09-15 11:07:25,Дрогобич,12015,True,119565,Chademo,80,2,CHARGING,74,20.52
2026-09-15 11:07:25,Дрогобич,12015,True,119566,CCS2,80,2,CHARGING,30,21.85
2026-09-15 11:07:25,Дрогобич,12015,True,119567,GBT DC,80,1,FREE,,20.14
2026-09-15 11:07:25,Дрогобич,12015,True,119568,Type2,22,1,FREE,,21.08
2026-09-15 11:35:46,Ралівка,12095,True,119867,Chademo,80,1,FREE,,14.4
2026-09-15 11:35:46,Ралівка,12095,True,119868,CCS2,120,2,CHARGING,28,18.56
2026-09-15 11:35:46,Ралівка,12095,True,119869,GBT DC,120,1,FREE,,18.56
2026-09-15 11:35:46,Ралівка,12095,True,119870,Type2,22,3,FINISHING,,14.3
2026-09-15 11:35:46,Турка,30663,True,129119,Chademo,40,2,CHARGING,89,22.29
2026-09-15 11:35:46,Турка,30663,True,129120,CCS2,40,3,FINISHING,,25.96
2026-09-15 11:35:46,Турка,30663,True,129121,Type2,22,1,FREE,,20.78
2026-09-15 11:35:46,Турка,30663,True,129122,Type1,7,1,FREE,,25.19
2026-09-15 11:35:46,Дрогобич,12015,True,119565,Chademo,80,2,CHARGING,68,15.66
2026-09-15 11:35:46,Дрогобич,12015,True,119566,CCS2,80,1,FREE,,20.33
2026-09-15 11:35:46,Дрогобич,12015,True,119567,GBT DC,80,4,OTHER/OFFLINE,,19.57
2026-09-15 11:35:46,Дрогобич,12015,True,119568,Type2,22,2,CHARGING,35,17.17
2026-09-15 15:40:53,Ралівка,12095,True,119867,Chademo,80,4,OTHER/OFFLINE,,15.68
2026-09-15 15:40:53,Ралівка,12095,True,119868,CCS2,120,2,CHARGING,67,20
2026-09-15 15:40:53,Ралівка,12095,True,119869,GBT DC,120,2,CHARGING,67,17.12
2026-09-15 15:40:53,Ралівка,12095,True,119870,Type2,22,2,CHARGING,49,15.73
2026-09-15 15:40:53,Турка,30663,True,129119,Chademo,40,1,FREE,,21.8
2026-09-15 15:40:53,Турка,30663,True,129120,CCS2,40,1,FREE,,24.98
2026-09-15 15:40:53,Турка,30663,True,129121,Type2,22,4,OTHER/OFFLINE,,26.03
2026-09-15 15:40:53,Турка,30663,True,129122,Type1,7,2,CHARGING,37,23.93
2026-09-15 15:40:53,Дрогобич,12015,True,119565,Chademo,80,2,CHARGING,27,19.08
2026-09-15 15:40:53,Дрогобич,12015,True,119566,CCS2,80,4,OTHER/OFFLINE,,22.04
2026-09-15 15:40:53,Дрогобич,12015,True,119567,GBT DC,80,4,OTHER/OFFLINE,,19.19
2026-09-15 15:40:53,Дрогобич,12015,True,119568,Type2,22,2,CHARGING,64,21.08
2026-09-15 16:18:10,Ралівка,12095,True,119867,Chademo,80,3,FINISHING,,18.72
2026-09-15 16:18:10,Ралівка,12095,True,119868,CCS2,120,1,FREE,,19.2
2026-09-15 16:18:10,Ралівка,12095,True,119869,GBT DC,120,2,CHARGING,81,18.4
2026-09-15 16:18:10,Ралівка,12095,True,119870,Type2,22,3,FINISHING,,13.91
2026-09-15 16:18:10,Турка,30663,True,129119,Chademo,40,2,CHARGING,76,22.78
2026-09-15 16:18:10,Турка,30663,True,129120,CCS2,40,4,OTHER/OFFLINE,,25.71
2026-09-15 16:18:10,Турка,30663,True,129121,Type2,22,1,FREE,,19.94
2026-09-15 16:18:10,Турка,30663,True,129122,Type1,7,1,FREE,,23.93
2026-09-15 16:18:10,Дрогобич,12015,True,119565,Chademo,80,2,CHARGING,17,20.34
2026-09-15 16:18:10,Дрогобич,12015,True,119566,CCS2,80,3,FINISHING,,22.99
2026-09-15 16:18:10,Дрогобич,12015,True,119567,GBT DC,80,2,CHARGING,41,19.19
2026-09-15 16:18:10,Дрогобич,12015,True,119568,Type2,22,2,CHARGING,70,16.49
2026-09-15 19:15:08,Ралівка,12095,True,119867,Chademo,80,2,CHARGING,64,16.8
2026-09-15 19:15:08,Ралівка,12095,True,119868,CCS2,120,2,CHARGING,23,20
2026-09-15 19:15:08,Ралівка,12095,True,119869,GBT DC,120,1,FREE,,14.88
2026-09-15 19:15:08,Ралівка,12095,True,119870,Type2,22,2,CHARGING,53,13.52
2026-09-15 19:15:08,Турка,30663,True,129119,Chademo,40,3,FINISHING,,23.27
2026-09-15 19:15:08,Турка,30663,True,129120,CCS2,40,4,OTHER/OFFLINE,,24.49
2026-09-15 19:15:08,Турка,30663,True,129121,Type2,22,1,FREE,,18.68
2026-09-15 19:15:08,Турка,30663,True,129122,Type1,7,2,CHARGING,41,26.24
2026-09-15 19:15:08,Дрогобич,12015,True,119565,Chademo,80,1,FREE,,17.64
2026-09-15 19:15:08,Дрогобич,12015,True,119566,CCS2,80,2,CHARGING,47,18.05
2026-09-15 19:15:08,Дрогобич,12015,True,119567,GBT DC,80,2,CHARGING,23,19.57
2026-09-15 19:15:08,Дрогобич,12015,True,119568,Type2,22,2,CHARGING,24,21.25
2026-09-15 20:00:03,Ралівка,12095,True,119867,Chademo,80,2,CHARGING,84,20
2026-09-15 20:00:03,Ралівка,12095,True,119868,CCS2,120,1,FREE,,15.2
2026-09-15 20:00:03,Ралівка,12095,True,119869,GBT DC,120,2,CHARGING,31,14.24
2026-09-15 20:00:03,Ралівка,12095,True,119870,Type2,22,2,CHARGING,85,15.21
2026-09-15 20:00:03,Турка,30663,True,129119,Chademo,40,3,FINISHING,,23.02
2026-09-15 20:00:03,Турка,30663,True,129120,CCS2,40,2,CHARGING,45,30.37
2026-09-15 20:00:03,Турка,30663,True,129121,Type2,22,1,FREE,,18.05
2026-09-15 20:00:03,Турка,30663,True,129122,Type1,7,2,CHARGING,21,23.3
2026-09-15 20:00:03,Дрогобич,12015,True,119565,Chademo,80,4,OTHER/OFFLINE,,21.06
2026-09-15 20:00:03,Дрогобич,12015,True,119566,CCS2,80,2,CHARGING,75,19
2026-09-15 20:00:03,Дрогобич,12015,True,119567,GBT DC,80,3,FINISHING,,16.34
2026-09-15 20:00:03,Дрогобич,12015,True,119568,Type2,22,2,CHARGING,88,16.83
2026-09-15 22:19:35,Ралівка,12095,True,119867,Chademo,80,2,CHARGING,21,18.24
2026-09-15 22:19:35,Ралівка,12095,True,119868,CCS2,120,3,FINISHING,,15.52
2026-09-15 22:19:35,Ралівка,12095,True,119869,GBT DC,120,2,CHARGING,34,16.64
2026-09-15 22:19:35,Ралівка,12095,True,119870,Type2,22,2,CHARGING,40,13
2026-09-15 22:19:35,Турка,30663,True,129119,Chademo,40,1,FREE,,29.39
2026-09-15 22:19:35,Турка,30663,True,129120,CCS2,40,1,FREE,,22.53
2026-09-15 22:19:35,Турка,30663,True,129121,Type2,22,2,CHARGING,24,18.47
2026-09-15 22:19:35,Турка,30663,True,129122,Type1,7,2,CHARGING,24,24.98
2026-09-15 22:19:35,Дрогобич,12015,True,119565,Chademo,80,2,CHARGING,38,18.18
2026-09-15 22:19:35,Дрогобич,12015,True,119566,CCS2,80,2,CHARGING,86,21.09
2026-09-15 22:19:35,Дрогобич,12015,True,119567,GBT DC,80,3,FINISHING,,17.29
2026-09-15 22:19:35,Дрогобич,12015,True,119568,Type2,22,2,CHARGING,57,14.45
2026-09-15 22:44:12,Ралівка,12095,True,119867,Chademo,80,1,FREE,,19.84
2026-09-15 22:44:12,Ралівка,12095,True,119868,CCS2,120,2,CHARGING,51,19.04
2026-09-15 22:44:12,Ралівка,12095,True,119869,GBT DC,120,2,CHARGING,75,16.48
2026-09-15 22:44:12,Ралівка,12095,True,119870,Type2,22,1,FREE,,15.47
2026-09-15 22:44:12,Турка,30663,True,129119,Chademo,40,1,FREE,,29.88
2026-09-15 22:44:12,Турка,30663,True,129120,CCS2,40,4,OTHER/OFFLINE,,22.29
2026-09-15 22:44:12,Турка,30663,True,129121,Type2,22,3,FINISHING,,25.19
2026-09-15 22:44:12,Турка,30663,True,129122,Type1,7,4,OTHER/OFFLINE,,24.98
2026-09-15 22:44:12,Дрогобич,12015,True,119565,Chademo,80,1,FREE,,20.88
2026-09-15 22:44:12,Дрогобич,12015,True,119566,CCS2,80,2,CHARGING,19,21.85
2026-09-15 22:44:12,Дрогобич,12015,True,119567,GBT DC,80,2,CHARGING,63,19.95
2026-09-15 22:44:12,Дрогобич,12015,True,119568,Type2,22,1,FREE,,17.51
2026-09-16 00:34:46,Ралівка,12095,True,119867,Chademo,80,1,FREE,,14.56
2026-09-16 00:34:46,Ралівка,12095,True,119868,CCS2,120,2,CHARGING,65,13.6
2026-09-16 00:34:46,Ралівка,12095,True,119869,GBT DC,120,4,OTHER/OFFLINE,,14.4
2026-09-16 00:34:46,Ралівка,12095,True,119870,Type2,22,1,FREE,,11.18
2026-09-16 00:34:46,Турка,30663,True,129119,Chademo,40,2,CHARGING,24,25.96
2026-09-16 00:34:46,Турка,30663,True,129120,CCS2,40,2,CHARGING,75,27.67
2026-09-16 00:34:46,Турка,30663,True,129121,Type2,22,1,FREE,,22.46
2026-09-16 00:34:46,Турка,30663,True,129122,Type1,7,1,FREE,,20.15
2026-09-16 00:34:46,Дрогобич,12015,True,119565,Chademo,80,4,OTHER/OFFLINE,,17.28
2026-09-16 00:34:46,Дрогобич,12015,True,119566,CCS2,80,1,FREE,,19.57
2026-09-16 00:34:46,Дрогобич,12015,True,119567,GBT DC,80,2,CHARGING,37,23.37
2026-09-16 00:34:46,Дрогобич,12015,True,119568,Type2,22,2,CHARGING,54,14.96
2026-09-16 01:06:24,Ралівка,12095,True,119867,Chademo,80,2,CHARGING,52,17.92
2026-09-16 01:06:24,Ралівка,12095,True,119868,CCS2,120,2,CHARGING,27,19.68
2026-09-16 01:06:24,Ралівка,12095,True,119869,GBT DC,120,1,FREE,,19.36
2026-09-16 01:06:24,Ралівка,12095,True,119870,Type2,22,3,FINISHING,,15.86
2026-09-16 01:06:24,Турка,30663,True,129119,Chademo,40,2,CHARGING,22,24.98
2026-09-16 01:06:24,Турка,30663,True,129120,CCS2,40,2,CHARGING,17,30.12
2026-09-16 01:06:24,Турка,30663,True,129121,Type2,22,2,CHARGING,57,23.09
2026-09-16 01:06:24,Турка,30663,True,129122,Type1,7,2,CHARGING,45,24.77
2026-09-16 01:06:24,Дрогобич,12015,True,119565,Chademo,80,2,CHARGING,27,22.32
2026-09-16 01:06:24,Дрогобич,12015,True,119566,CCS2,80,1,FREE,,22.04
2026-09-16 01:06:24,Дрогобич,12015,True,119567,GBT DC,80,2,CHARGING,19,16.91
2026-09-16 01:06:24,Дрогобич,12015,True,119568,Type2,22,1,FREE,,18.87
2026-09-16 05:14:53,Ралівка,12095,True,119867,Chademo,80,1,FREE,,19.84
2026-09-16 05:14:53,Ралівка,12095,True,119868,CCS2,120,2,CHARGING,64,16
2026-09-16 05:14:53,Ралівка,12095,True,119869,GBT DC,120,1,FREE,,19.04
2026-09-16 05:14:53,Ралівка,12095,True,119870,Type2,22,2,CHARGING,42,11.83
2026-09-16 05:14:53,Турка,30663,True,129119,Chademo,40,1,FREE,,22.04
2026-09-16 05:14:53,Турка,30663,True,129120,CCS2,40,1,FREE,,27.18
2026-09-16 05:14:53,Турка,30663,True,129121,Type2,22,2,CHARGING,50,22.88
2026-09-16 05:14:53,Турка,30663,True,129122,Type1,7,2,CHARGING,46,21.83
2026-09-16 05:14:53,Дрогобич,12015,True,119565,Chademo,80,2,CHARGING,48,19.98
2026-09-16 05:14:53,Дрогобич,12015,True,119566,CCS2,80,2,CHARGING,88,20.14
2026-09-16 05:14:53,Дрогобич,12015,True,119567,GBT DC,80,3,FINISHING,,16.34
2026-09-16 05:14:53,Дрогобич,12015,True,119568,Type2,22,3,FINISHING,,16.15
2026-09-16 07:15:14,Ралівка,12095,True,119867,Chademo,80,2,CHARGING,90,15.68
2026-09-16 07:15:14,Ралівка,12095,True,119868,CCS2,120,1,FREE,,13.6
2026-09-16 07:15:14,Ралівка,12095,True,119869,GBT DC,120,2,CHARGING,89,15.52
2026-09-16 07:15:14,Ралівка,12095,True,119870,Type2,22,1,FREE,,14.17
2026-09-16 07:15:14,Турка,30663,True,129119,Chademo,40,1,FREE,,29.14
2026-09-16 07:15:14,Турка,30663,True,129120,CCS2,40,3,FINISHING,,24.25
2026-09-16 07:15:14,Турка,30663,True,129121,Type2,22,2,CHARGING,79,23.09
2026-09-16 07:15:14,Турка,30663,True,129122,Type1,7,2,CHARGING,67,21.62
2026-09-16 07:15:14,Дрогобич,12015,True,119565,Chademo,80,1,FREE,,21.42
2026-09-16 07:15:14,Дрогобич,12015,True,119566,CCS2,80,4,OTHER/OFFLINE,,16.91
2026-09-16 07:15:14,Дрогобич,12015,True,119567,GBT DC,80,4,OTHER/OFFLINE,,19.38
2026-09-16 07:15:14,Дрогобич,12015,True,119568,Type2,22,2,CHARGING,42,20.4
2026-09-16 10:03:01,Ралівка,12095,True,119867,Chademo,80,4,OTHER/OFFLINE,,14.08
2026-09-16 10:03:01,Ралівка,12095,True,119868,CCS2,120,2,CHARGING,36,19.04
2026-09-16 10:03:01,Ралівка,12095,True,119869,GBT DC,120,3,FINISHING,,15.52
2026-09-16 10:03:01,Ралівка,12095,True,119870,Type2,22,2,CHARGING,82,14.82
2026-09-16 10:03:01,Турка,30663,True,129119,Chademo,40,3,FINISHING,,30.61
2026-09-16 10:03:01,Турка,30663,True,129120,CCS2,40,1,FREE,,23.76
2026-09-16 10:03:01,Турка,30663,True,129121,Type2,22,1,FREE,,24.14
2026-09-16 10:03:01,Турка,30663,True,129122,Type1,7,2,CHARGING,78,17.84
2026-09-16 10:03:01,Дрогобич,12015,True,119565,Chademo,80,1,FREE,,21.24
2026-09-16 10:03:01,Дрогобич,12015,True,119566,CCS2,80,1,FREE,,21.09
2026-09-16 10:03:01,Дрогобич,12015,True,119567,GBT DC,80,1,FREE,,17.48
2026-09-16 10:03:01,Дрогобич,12015,True,119568,Type2,22,4,OTHER/OFFLINE,,19.21
2026-09-16 13:08:56,Ралівка,12095,True,119867,Chademo,80,4,OTHER/OFFLINE,,13.76
2026-09-16 13:08:56,Ралівка,12095,True,119868,CCS2,120,3,FINISHING,,17.44
2026-09-16 13:08:56,Ралівка,12095,True,119869,GBT DC,120,1,FREE,,17.28
2026-09-16 13:08:56,Ралівка,12095,True,119870,Type2,22,2,CHARGING,39,13.26
2026-09-16 13:08:56,Турка,30663,True,129119,Chademo,40,2,CHARGING,16,22.04
2026-09-16 13:08:56,Турка,30663,True,129120,CCS2,40,2,CHARGING,87,23.76
2026-09-16 13:08:56,Турка,30663,True,129121,Type2,22,3,FINISHING,,25.4
2026-09-16 13:08:56,Турка,30663,True,129122,Type1,7,3,FINISHING,,26.24
2026-09-16 13:08:56,Дрогобич,12015,True,119565,Chademo,80,1,FREE,,21.78
2026-09-16 13:08:56,Дрогобич,12015,True,119566,CCS2,80,2,CHARGING,73,21.47
2026-09-16 13:08:56,Дрогобич,12015,True,119567,GBT DC,80,2,CHARGING,53,16.34
2026-09-16 13:08:56,Дрогобич,12015,True,119568,Type2,22,3,FINISHING,,18.87
2026-09-16 14:54:36,Ралівка,12095,True,119867,Chademo,80,1,FREE,,14.4
2026-09-16 14:54:36,Ралівка,12095,True,119868,CCS2,120,1,FREE,,18.88
2026-09-16 14:54:36,Ралівка,12095,True,119869,GBT DC,120,3,FINISHING,,19.68
2026-09-16 14:54:36,Ралівка,12095,True,119870,Type2,22,1,FREE,,15.99
2026-09-16 14:54:36,Турка,30663,True,129119,Chademo,40,1,FREE,,27.92
2026-09-16 14:54:36,Турка,30663,True,129120,CCS2,40,1,FREE,,25.96
2026-09-16 14:54:36,Турка,30663,True,129121,Type2,22,2,CHARGING,35,18.89
2026-09-16 14:54:36,Турка,30663,True,129122,Type1,7,1,FREE,,20.57
2026-09-16 14:54:36,Дрогобич,12015,True,119565,Chademo,80,2,CHARGING,41,20.34
2026-09-16 14:54:36,Дрогобич,12015,True,119566,CCS2,80,2,CHARGING,29,23.56
2026-09-16 14:54:36,Дрогобич,12015,True,119567,GBT DC,80,3,FINISHING,,17.1
2026-09-16 14:54:36,Дрогобич,12015,True,119568,Type2,22,2,CHARGING,82,19.04
2026-09-16 17:58:20,Ралівка,12095,True,119867,Chademo,80,1,FREE,,16.64
2026-09-16 17:58:20,Ралівка,12095,True,119868,CCS2,120,3,FINISHING,,18.24
2026-09-16 17:58:20,Ралівка,12095,True,119869,GBT DC,120,2,CHARGING,67,18.72
2026-09-16 17:58:20,Ралівка,12095,True,119870,Type2,22,4,OTHER/OFFLINE,,13.78
2026-09-16 17:58:20,Турка,30663,True,129119,Chademo,40,2,CHARGING,34,24.25
2026-09-16 17:58:20,Турка,30663,True,129120,CCS2,40,1,FREE,,30.37
2026-09-16 17:58:20,Турка,30663,True,129121,Type2,22,4,OTHER/OFFLINE,,18.05
2026-09-16 17:58:20,Турка,30663,True,129122,Type1,7,4,OTHER/OFFLINE,,19.52
2026-09-16 17:58:20,Дрогобич,12015,True,119565,Chademo,80,1,FREE,,20.7
2026-09-16 17:58:20,Дрогобич,12015,True,119566,CCS2,80,1,FREE,,18.24
2026-09-16 17:58:20,Дрогобич,12015,True,119567,GBT DC,80,2,CHARGING,79,21.85
2026-09-16 17:58:20,Дрогобич,12015,True,119568,Type2,22,4,OTHER/OFFLINE,,16.49
2026-09-16 18:43:43,Ралівка,12095,True,119867,Chademo,80,4,OTHER/OFFLINE,,17.12
2026-09-16 18:43:43,Ралівка,12095,True,119868,CCS2,120,2,CHARGING,27,14.08
2026-09-16 18:43:43,Ралівка,12095,True,119869,GBT DC,120,1,FREE,,18.24
2026-09-16 18:43:43,Ралівка,12095,True,119870,Type2,22,2,CHARGING,81,11.18
2026-09-16 18:43:43,Турка,30663,True,129119,Chademo,40,1,FREE,,25.96
2026-09-16 18:43:43,Турка,30663,True,129120,CCS2,40,1,FREE,,22.04
2026-09-16 18:43:43,Турка,30663,True,129121,Type2,22,2,CHARGING,65,22.04
2026-09-16 18:43:43,Турка,30663,True,129122,Type1,7,2,CHARGING,21,24.35
2026-09-16 18:43:43,Дрогобич,12015,True,119565,Chademo,80,2,CHARGING,75,16.02
2026-09-16 18:43:43,Дрогобич,12015,True,119566,CCS2,80,2,CHARGING,23,23.37
2026-09-16 18:43:43,Дрогобич,12015,True,119567,GBT DC,80,1,FREE,,23.18
2026-09-16 18:43:43,Дрогобич,12015,True,119568,Type2,22,2,CHARGING,76,19.72
2026-09-16 20:53:30,Ралівка,12095,True,119867,Chademo,80,1,FREE,,17.6
2026-09-16 20:53:30,Ралівка,12095,True,119868,CCS2,120,1,FREE,,16.64
2026-09-16 20:53:30,Ралівка,12095,True,119869,GBT DC,120,2,CHARGING,74,15.36
2026-09-16 20:53:30,Ралівка,12095,True,119870,Type2,22,2,CHARGING,68,13.52
2026-09-16 20:53:30,Турка,30663,True,129119,Chademo,40,4,OTHER/OFFLINE,,30.61
2026-09-16 20:53:30,Турка,30663,True,129120,CCS2,40,2,CHARGING,36,24.73
2026-09-16 20:53:30,Турка,30663,True,129121,Type2,22,1,FREE,,25.82
2026-09-16 20:53:30,Турка,30663,True,129122,Type1,7,2,CHARGING,52,24.35
2026-09-16 20:53:30,Дрогобич,12015,True,119565,Chademo,80,2,CHARGING,62,19.08
2026-09-16 20:53:30,Дрогобич,12015,True,119566,CCS2,80,2,CHARGING,26,22.23
2026-09-16 20:53:30,Дрогобич,12015,True,119567,GBT DC,80,1,FREE,,23.75
2026-09-16 20:53:30,Дрогобич,12015,True,119568,Type2,22,3,FINISHING,,15.47
2026-09-16 21:44:52,Ралівка,12095,True,119867,Chademo,80,1,FREE,,14.88
2026-09-16 21:44:52,Ралівка,12095,True,119868,CCS2,120,3,FINISHING,,15.68
2026-09-16 21:44:52,Ралівка,12095,True,119869,GBT DC,120,1,FREE,,18.4
2026-09-16 21:44:52,Ралівка,12095,True,119870,Type2,22,1,FREE,,13.65
2026-09-16 21:44:52,Турка,30663,True,129119,Chademo,40,2,CHARGING,42,22.29
2026-09-16 21:44:52,Турка,30663,True,129120,CCS2,40,1,FREE,,29.39
2026-09-16 21:44:52,Турка,30663,True,129121,Type2,22,1,FREE,,20.36
2026-09-16 21:44:52,Турка,30663,True,129122,Type1,7,1,FREE,,23.3
2026-09-16 21:44:52,Дрогобич,12015,True,119565,Chademo,80,2,CHARGING,59,17.28
2026-09-16 21:44:52,Дрогобич,12015,True,119566,CCS2,80,4,OTHER/OFFLINE,,17.48
2026-09-16 21:44:52,Дрогобич,12015,True,119567,GBT DC,80,1,FREE,,20.52
2026-09-16 21:44:52,Дрогобич,12015,True,119568,Type2,22,4,OTHER/OFFLINE,,20.06
2026-09-16 23:32:30,Ралівка,12095,True,119867,Chademo,80,3,FINISHING,,14.72
2026-09-16 23:32:30,Ралівка,12095,True,119868,CCS2,120,1,FREE,,14.4
2026-09-16 23:32:30,Ралівка,12095,True,119869,GBT DC,120,1,FREE,,15.52
2026-09-16 23:32:30,Ралівка,12095,True,119870,Type2,22,2,CHARGING,25,14.69
2026-09-16 23:32:30,Турка,30663,True,129119,Chademo,40,3,FINISHING,,21.31
2026-09-16 23:32:30,Турка,30663,True,129120,CCS2,40,2,CHARGING,33,28.65
2026-09-16 23:32:30,Турка,30663,True,129121,Type2,22,2,CHARGING,65,19.31
2026-09-16 23:32:30,Турка,30663,True,129122,Type1,7,1,FREE,,23.51
2026-09-16 23:32:30,Дрогобич,12015,True,119565,Chademo,80,1,FREE,,20.52
2026-09-16 23:32:30,Дрогобич,12015,True,119566,CCS2,80,3,FINISHING,,17.1
2026-09-16 23:32:30,Дрогобич,12015,True,119567,GBT DC,80,2,CHARGING,15,17.29
2026-09-16 23:32:30,Дрогобич,12015,True,119568,Type2,22,2,CHARGING,20,15.81
2026-09-16 23:54:22,Ралівка,12095,True,119867,Chademo,80,4,OTHER/OFFLINE,,14.24
2026-09-16 23:54:22,Ралівка,12095,True,119868,CCS2,120,2,CHARGING,16,17.28
2026-09-16 23:54:22,Ралівка,12095,True,119869,GBT DC,120,2,CHARGING,68,17.92
2026-09-16 23:54:22,Ралівка,12095,True,119870,Type2,22,2,CHARGING,50,13.78
2026-09-16 23:54:22,Турка,30663,True,129119,Chademo,40,2,CHARGING,17,24.25
2026-09-16 23:54:22,Турка,30663,True,129120,CCS2,40,4,OTHER/OFFLINE,,25.22
2026-09-16 23:54:22,Турка,30663,True,129121,Type2,22,4,OTHER/OFFLINE,,25.82
2026-09-16 23:54:22,Турка,30663,True,129122,Type1,7,2,CHARGING,70,17.84
2026-09-16 23:54:22,Дрогобич,12015,True,119565,Chademo,80,4,OTHER/OFFLINE,,18.72
2026-09-16 23:54:22,Дрогобич,12015,True,119566,CCS2,80,1,FREE,,23.56
2026-09-16 23:54:22,Дрогобич,12015,True,119567,GBT DC,80,1,FREE,,21.09
2026-09-16 23:54:22,Дрогобич,12015,True,119568,Type2,22,1,FREE,,21.25
2026-09-17 03:31:37,Ралівка,12095,True,119867,Chademo,80,1,FREE,,16.64
2026-09-17 03:31:37,Ралівка,12095,True,119868,CCS2,120,1,FREE,,15.2
2026-09-17 03:31:37,Ралівка,12095,True,119869,GBT DC,120,3,FINISHING,,16.8
2026-09-17 03:31:37,Ралівка,12095,True,119870,Type2,22,1,FREE,,12.87
2026-09-17 03:31:37,Турка,30663,True,129119,Chademo,40,2,CHARGING,29,24.49
2026-09-17 03:31:37,Турка,30663,True,129120,CCS2,40,2,CHARGING,46,29.39
2026-09-17 03:31:37,Турка,30663,True,129121,Type2,22,2,CHARGING,82,18.68
2026-09-17 03:31:37,Турка,30663,True,129122,Type1,7,2,CHARGING,78,23.3
2026-09-17 03:31:37,Дрогобич,12015,True,119565,Chademo,80,1,FREE,,21.96
2026-09-17 03:31:37,Дрогобич,12015,True,119566,CCS2,80,2,CHARGING,80,16.34
2026-09-17 03:31:37,Дрогобич,12015,True,119567,GBT DC,80,1,FREE,,22.8
2026-09-17 03:31:37,Дрогобич,12015,True,119568,Type2,22,2,CHARGING,31,19.38
2026-09-17 04:00:39,Ралівка,12095,True,119867,Chademo,80,1,FREE,,19.36
2026-09-17 04:00:39,Ралівка,12095,True,119868,CCS2,120,1,FREE,,16.32
2026-09-17 04:00:39,Ралівка,12095,True,119869,GBT DC,120,1,FREE,,16.64
2026-09-17 04:00:39,Ралівка,12095,True,119870,Type2,22,1,FREE,,11.57
2026-09-17 04:00:39,Турка,30663,True,129119,Chademo,40,2,CHARGING,64,25.47
2026-09-17 04:00:39,Турка,30663,True,129120,CCS2,40,1,FREE,,27.18
2026-09-17 04:00:39,Турка,30663,True,129121,Type2,22,1,FREE,,22.88
2026-09-17 04:00:39,Турка,30663,True,129122,Type1,7,2,CHARGING,23,19.52
2026-09-17 04:00:39,Дрогобич,12015,True,119565,Chademo,80,2,CHARGING,61,21.96
2026-09-17 04:00:39,Дрогобич,12015,True,119566,CCS2,80,2,CHARGING,89,19.19
2026-09-17 04:00:39,Дрогобич,12015,True,119567,GBT DC,80,2,CHARGING,89,18.24
2026-09-17 04:00:39,Дрогобич,12015,True,119568,Type2,22,2,CHARGING,26,14.96
2026-09-17 09:13:11,Ралівка,12095,True,119867,Chademo,80,1,FREE,,15.52
2026-09-17 09:13:11,Ралівка,12095,True,119868,CCS2,120,1,FREE,,17.12
2026-09-17 09:13:11,Ралівка,12095,True,119869,GBT DC,120,3,FINISHING,,16.8
2026-09-17 09:13:11,Ралівка,12095,True,119870,Type2,22,2,CHARGING,19,12.35
2026-09-17 09:13:11,Турка,30663,True,129119,Chademo,40,1,FREE,,29.14
2026-09-17 09:13:11,Турка,30663,True,129120,CCS2,40,1,FREE,,29.14
2026-09-17 09:13:11,Турка,30663,True,129121,Type2,22,4,OTHER/OFFLINE,,21.41
2026-09-17 09:13:11,Турка,30663,True,129122,Type1,7,2,CHARGING,87,20.36
2026-09-17 09:13:11,Дрогобич,12015,True,119565,Chademo,80,1,FREE,,18.36
2026-09-17 09:13:11,Дрогобич,12015,True,119566,CCS2,80,2,CHARGING,53,23.75
2026-09-17 09:13:11,Дрогобич,12015,True,119567,GBT DC,80,4,OTHER/OFFLINE,,21.85
2026-09-17 09:13:11,Дрогобич,12015,True,119568,Type2,22,2,CHARGING,66,15.47
2026-09-17 09:24:03,Ралівка,12095,True,119867,Chademo,80,1,FREE,,17.76
2026-09-17 09:24:03,Ралівка,12095,True,119868,CCS2,120,1,FREE,,16.8
2026-09-17 09:24:03,Ралівка,12095,True,119869,GBT DC,120,2,CHARGING,22,19.04
2026-09-17 09:24:03,Ралівка,12095,True,119870,Type2,22,2,CHARGING,32,15.99
2026-09-17 09:24:03,Турка,30663,True,129119,Chademo,40,2,CHARGING,35,22.29
2026-09-17 09:24:03,Турка,30663,True,129120,CCS2,40,1,FREE,,24.98
2026-09-17 09:24:03,Турка,30663,True,129121,Type2,22,2,CHARGING,44,22.25
2026-09-17 09:24:03,Турка,30663,True,129122,Type1,7,4,OTHER/OFFLINE,,18.89
2026-09-17 09:24:03,Дрогобич,12015,True,119565,Chademo,80,2,CHARGING,58,16.56
2026-09-17 09:24:03,Дрогобич,12015,True,119566,CCS2,80,3,FINISHING,,21.28
2026-09-17 09:24:03,Дрогобич,12015,True,119567,GBT DC,80,1,FREE,,21.09
2026-09-17 09:24:03,Дрогобич,12015,True,119568,Type2,22,2,CHARGING,29,17.51
2026-09-17 14:23:07,Ралівка,12095,True,119867,Chademo,80,2,CHARGING,72,17.6
2026-09-17 14:23:07,Ралівка,12095,True,119868,CCS2,120,1,FREE,,13.92
2026-09-17 14:23:07,Ралівка,12095,True,119869,GBT DC,120,3,FINISHING,,15.68
2026-09-17 14:23:07,Ралівка,12095,True,119870,Type2,22,1,FREE,,14.95
2026-09-17 14:23:07,Турка,30663,True,129119,Chademo,40,2,CHARGING,62,25.96
2026-09-17 14:23:07,Турка,30663,True,129120,CCS2,40,1,FREE,,25.96
2026-09-17 14:23:07,Турка,30663,True,129121,Type2,22,4,OTHER/OFFLINE,,20.57
2026-09-17 14:23:07,Турка,30663,True,129122,Type1,7,2,CHARGING,73,25.19
2026-09-17 14:23:07,Дрогобич,12015,True,119565,Chademo,80,2,CHARGING,19,17.46
2026-09-17 14:23:07,Дрогобич,12015,True,119566,CCS2,80,1,FREE,,23.18
2026-09-17 14:23:07,Дрогобич,12015,True,119567,GBT DC,80,3,FINISHING,,20.14
2026-09-17 14:23:07,Дрогобич,12015,True,119568,Type2,22,3,FINISHING,,15.13
2026-09-17 14:41:31,Ралівка,12095,True,119867,Chademo,80,1,FREE,,17.76
2026-09-17 14:41:31,Ралівка,12095,True,119868,CCS2,120,1,FREE,,15.2
2026-09-17 14:41:31,Ралівка,12095,True,119869,GBT DC,120,1,FREE,,17.12
2026-09-17 14:41:31,Ралівка,12095,True,119870,Type2,22,2,CHARGING,40,16.12
2026-09-17 14:41:31,Турка,30663,True,129119,Chademo,40,1,FREE,,24.25
2026-09-17 14:41:31,Турка,30663,True,129120,CCS2,40,2,CHARGING,28,22.53
2026-09-17 14:41:31,Турка,30663,True,129121,Type2,22,2,CHARGING,68,20.57
2026-09-17 14:41:31,Турка,30663,True,129122,Type1,7,2,CHARGING,44,22.46
2026-09-17 14:41:31,Дрогобич,12015,True,119565,Chademo,80,2,CHARGING,18,18.54
2026-09-17 14:41:31,Дрогобич,12015,True,119566,CCS2,80,1,FREE,,18.62
2026-09-17 14:41:31,Дрогобич,12015,True,119567,GBT DC,80,1,FREE,,21.09
2026-09-17 14:41:31,Дрогобич,12015,True,119568,Type2,22,2,CHARGING,77,15.81
2026-09-17 18:25:54,Ралівка,12095,True,119867,Chademo,80,1,FREE,,18.08
2026-09-17 18:25:54,Ралівка,12095,True,119868,CCS2,120,1,FREE,,14.4
2026-09-17 18:25:54,Ралівка,12095,True,119869,GBT DC,120,1,FREE,,19.68
2026-09-17 18:25:54,Ралівка,12095,True,119870,Type2,22,4,OTHER/OFFLINE,,14.69
2026-09-17 18:25:54,Турка,30663,True,129119,Chademo,40,2,CHARGING,81,20.82
2026-09-17 18:25:54,Турка,30663,True,129120,CCS2,40,2,CHARGING,66,24.73
2026-09-17 18:25:54,Турка,30663,True,129121,Type2,22,2,CHARGING,50,21.62
2026-09-17 18:25:54,Турка,30663,True,129122,Type1,7,1,FREE,,25.4
2026-09-17 18:25:54,Дрогобич,12015,True,119565,Chademo,80,2,CHARGING,72,19.26
2026-09-17 18:25:54,Дрогобич,12015,True,119566,CCS2,80,4,OTHER/OFFLINE,,19.19
2026-09-17 18:25:54,Дрогобич,12015,True,119567,GBT DC,80,2,CHARGING,32,19.38
2026-09-17 18:25:54,Дрогобич,12015,True,119568,Type2,22,2,CHARGING,83,18.19
2026-09-17 18:49:05,Ралівка,12095,True,119867,Chademo,80,1,FREE,,14.24
2026-09-17 18:49:05,Ралівка,12095,True,119868,CCS2,120,2,CHARGING,50,16.16
2026-09-17 18:49:05,Ралівка,12095,True,119869,GBT DC,120,2,CHARGING,22,17.44
2026-09-17 18:49:05,Ралівка,12095,True,119870,Type2,22,2,CHARGING,60,16.12
2026-09-17 18:49:05,Турка,30663,True,129119,Chademo,40,3,FINISHING,,27.43
2026-09-17 18:49:05,Турка,30663,True,129120,CCS2,40,1,FREE,,30.61
2026-09-17 18:49:05,Турка,30663,True,129121,Type2,22,1,FREE,,21.41
2026-09-17 18:49:05,Турка,30663,True,129122,Type1,7,1,FREE,,18.47
2026-09-17 18:49:05,Дрогобич,12015,True,119565,Chademo,80,1,FREE,,20.16
2026-09-17 18:49:05,Дрогобич,12015,True,119566,CCS2,80,1,FREE,,22.42
2026-09-17 18:49:05,Дрогобич,12015,True,119567,GBT DC,80,1,FREE,,17.29
2026-09-17 18:49:05,Дрогобич,12015,True,119568,Type2,22,1,FREE,,15.81
2026-09-17 21:38:45,Ралівка,12095,True,119867,Chademo,80,1,FREE,,19.2
2026-09-17 21:38:45,Ралівка,12095,True,119868,CCS2,120,1,FREE,,15.36
2026-09-17 21:38:45,Ралівка,12095,True,119869,GBT DC,120,3,FINISHING,,15.2
2026-09-17 21:38:45,Ралівка,12095,True,119870,Type2,22,2,CHARGING,86,14.43
2026-09-17 21:38:45,Турка,30663,True,129119,Chademo,40,1,FREE,,27.18
2026-09-17 21:38:45,Турка,30663,True,129120,CCS2,40,2,CHARGING,22,23.76
2026-09-17 21:38:45,Турка,30663,True,129121,Type2,22,2,CHARGING,54,18.89
2026-09-17 21:38:45,Турка,30663,True,129122,Type1,7,4,OTHER/OFFLINE,,20.36
2026-09-17 21:38:45,Дрогобич,12015,True,119565,Chademo,80,1,FREE,,21.06
2026-09-17 21:38:45,Дрогобич,12015,True,119566,CCS2,80,3,FINISHING,,23.56
2026-09-17 21:38:45,Дрогобич,12015,True,119567,GBT DC,80,2,CHARGING,44,18.81
2026-09-17 21:38:45,Дрогобич,12015,True,119568,Type2,22,3,FINISHING,,19.55
2026-09-17 21:55:16,Ралівка,12095,True,119867,Chademo,80,4,OTHER/OFFLINE,,16.64
2026-09-17 21:55:16,Ралівка,12095,True,119868,CCS2,120,3,FINISHING,,16
2026-09-17 21:55:16,Ралівка,12095,True,119869,GBT DC,120,2,CHARGING,59,19.2
2026-09-17 21:55:16,Ралівка,12095,True,119870,Type2,22,2,CHARGING,57,11.7
2026-09-17 21:55:16,Турка,30663,True,129119,Chademo,40,1,FREE,,25.96
2026-09-17 21:55:16,Турка,30663,True,129120,CCS2,40,2,CHARGING,45,27.18
2026-09-17 21:55:16,Турка,30663,True,129121,Type2,22,1,FREE,,18.68
2026-09-17 21:55:16,Турка,30663,True,129122,Type1,7,1,FREE,,21.41
2026-09-17 21:55:16,Дрогобич,12015,True,119565,Chademo,80,3,FINISHING,,16.92
2026-09-17 21:55:16,Дрогобич,12015,True,119566,CCS2,80,1,FREE,,16.91
2026-09-17 21:55:16,Дрогобич,12015,True,119567,GBT DC,80,2,CHARGING,23,20.9
2026-09-17 21:55:16,Дрогобич,12015,True,119568,Type2,22,3,FINISHING,,16.32
2026-09-17 23:41:48,Ралівка,12095,True,119867,Chademo,80,2,CHARGING,34,15.84
2026-09-17 23:41:48,Ралівка,12095,True,119868,CCS2,120,2,CHARGING,57,16.48
2026-09-17 23:41:48,Ралівка,12095,True,119869,GBT DC,120,2,CHARGING,49,14.24
2026-09-17 23:41:48,Ралівка,12095,True,119870,Type2,22,1,FREE,,12.61
2026-09-17 23:41:48,Турка,30663,True,129119,Chademo,40,2,CHARGING,68,28.16
2026-09-17 23:41:48,Турка,30663,True,129120,CCS2,40,2,CHARGING,75,22.53
2026-09-17 23:41:48,Турка,30663,True,129121,Type2,22,2,CHARGING,79,21.83
2026-09-17 23:41:48,Турка,30663,True,129122,Type1,7,1,FREE,,21.2
2026-09-17 23:41:48,Дрогобич,12015,True,119565,Chademo,80,1,FREE,,17.28
2026-09-17 23:41:48,Дрогобич,12015,True,119566,CCS2,80,1,FREE,,22.99
2026-09-17 23:41:48,Дрогобич,12015,True,119567,GBT DC,80,2,CHARGING,69,18.62
2026-09-17 23:41:48,Дрогобич,12015,True,119568,Type2,22,4,OTHER/OFFLINE,,18.7
2026-09-17 23:54:43,Ралівка,12095,True,119867,Chademo,80,2,CHARGING,45,13.76
2026-09-17 23:54:43,Ралівка,12095,True,119868,CCS2,120,2,CHARGING,38,14.56
2026-09-17 23:54:43,Ралівка,12095,True,119869,GBT DC,120,1,FREE,,14.72
2026-09-17 23:54:43,Ралівка,12095,True,119870,Type2,22,2,CHARGING,68,12.74
2026-09-17 23:54:43,Турка,30663,True,129119,Chademo,40,2,CHARGING,63,27.67
2026-09-17 23:54:43,Турка,30663,True,129120,CCS2,40,1,FREE,,22.04
2026-09-17 23:54:43,Турка,30663,True,129121,Type2,22,1,FREE,,25.61
2026-09-17 23:54:43,Турка,30663,True,129122,Type1,7,1,FREE,,21.83
2026-09-17 23:54:43,Дрогобич,12015,True,119565,Chademo,80,3,FINISHING,,18
2026-09-17 23:54:43,Дрогобич,12015,True,119566,CCS2,80,1,FREE,,22.42
2026-09-17 23:54:43,Дрогобич,12015,True,119567,GBT DC,80,4,OTHER/OFFLINE,,19.95
2026-09-17 23:54:43,Дрогобич,12015,True,119568,Type2,22,2,CHARGING,37,18.19
2026-09-18 01:34:43,Ралівка,12095,True,119867,Chademo,80,1,FREE,,16.48
2026-09-18 01:34:43,Ралівка,12095,True,119868,CCS2,120,1,FREE,,15.36
2026-09-18 01:34:43,Ралівка,12095,True,119869,GBT DC,120,2,CHARGING,75,14.4
2026-09-18 01:34:43,Ралівка,12095,True,119870,Type2,22,1,FREE,,11.83
2026-09-18 01:34:43,Турка,30663,True,129119,Chademo,40,2,CHARGING,78,25.71
2026-09-18 01:34:43,Турка,30663,True,129120,CCS2,40,2,CHARGING,33,22.04
2026-09-18 01:34:43,Турка,30663,True,129121,Type2,22,1,FREE,,24.14
2026-09-18 01:34:43,Турка,30663,True,129122,Type1,7,2,CHARGING,77,24.14
2026-09-18 01:34:43,Дрогобич,12015,True,119565,Chademo,80,1,FREE,,18.54
2026-09-18 01:34:43,Дрогобич,12015,True,119566,CCS2,80,4,OTHER/OFFLINE,,19.57
2026-09-18 01:34:43,Дрогобич,12015,True,119567,GBT DC,80,3,FINISHING,,23.18
2026-09-18 01:34:43,Дрогобич,12015,True,119568,Type2,22,2,CHARGING,72,19.04
2026-09-18 03:17:31,Ралівка,12095,True,119867,Chademo,80,1,FREE,,18.24
2026-09-18 03:17:31,Ралівка,12095,True,119868,CCS2,120,1,FREE,,19.84
2026-09-18 03:17:31,Ралівка,12095,True,119869,GBT DC,120,2,CHARGING,57,15.04
2026-09-18 03:17:31,Ралівка,12095,True,119870,Type2,22,1,FREE,,11.57
2026-09-18 03:17:31,Турка,30663,True,129119,Chademo,40,4,OTHER/OFFLINE,,27.18
2026-09-18 03:17:31,Турка,30663,True,129120,CCS2,40,1,FREE,,27.92
2026-09-18 03:17:31,Турка,30663,True,129121,Type2,22,3,FINISHING,,21.62
2026-09-18 03:17:31,Турка,30663,True,129122,Type1,7,1,FREE,,21.62
2026-09-18 03:17:31,Дрогобич,12015,True,119565,Chademo,80,2,CHARGING,73,21.06
2026-09-18 03:17:31,Дрогобич,12015,True,119566,CCS2,80,2,CHARGING,41,22.99
2026-09-18 03:17:31,Дрогобич,12015,True,119567,GBT DC,80,2,CHARGING,65,21.85
2026-09-18 03:17:31,Дрогобич,12015,True,119568,Type2,22,1,FREE,,20.57
2026-09-18 06:38:04,Ралівка,12095,True,119867,Chademo,80,2,CHARGING,76,18.56
2026-09-18 06:38:04,Ралівка,12095,True,119868,CCS2,120,2,CHARGING,63,15.36
2026-09-18 06:38:04,Ралівка,12095,True,119869,GBT DC,120,1,FREE,,16.16
2026-09-18 06:38:04,Ралівка,12095,True,119870,Type2,22,3,FINISHING,,13.13
2026-09-18 06:38:04,Турка,30663,True,129119,Chademo,40,3,FINISHING,,29.39
2026-09-18 06:38:04,Турка,30663,True,129120,CCS2,40,2,CHARGING,37,25.71
2026-09-18 06:38:04,Турка,30663,True,129121,Type2,22,2,CHARGING,61,23.72
2026-09-18 06:38:04,Турка,30663,True,129122,Type1,7,2,CHARGING,29,20.78
2026-09-18 06:38:04,Дрогобич,12015,True,119565,Chademo,80,2,CHARGING,87,15.66
2026-09-18 06:38:04,Дрогобич,12015,True,119566,CCS2,80,4,OTHER/OFFLINE,,21.47
2026-09-18 06:38:04,Дрогобич,12015,True,119567,GBT DC,80,2,CHARGING,63,19.76
2026-09-18 06:38:04,Дрогобич,12015,True,119568,Type2,22,2,CHARGING,16,19.38
2026-09-18 08:46:02,Ралівка,12095,True,119867,Chademo,80,1,FREE,,17.44
2026-09-18 08:46:02,Ралівка,12095,True,119868,CCS2,120,1,FREE,,14.56
2026-09-18 08:46:02,Ралівка,12095,True,119869,GBT DC,120,1,FREE,,15.84
2026-09-18 08:46:02,Ралівка,12095,True,119870,Type2,22,2,CHARGING,59,14.04
2026-09-18 08:46:02,Турка,30663,True,129119,Chademo,40,2,CHARGING,48,27.67
2026-09-18 08:46:02,Турка,30663,True,129120,CCS2,40,3,FINISHING,,21.31
2026-09-18 08:46:02,Турка,30663,True,129121,Type2,22,1,FREE,,26.24
2026-09-18 08:46:02,Турка,30663,True,129122,Type1,7,3,FINISHING,,18.05
2026-09-18 08:46:02,Дрогобич,12015,True,119565,Chademo,80,1,FREE,,16.92
2026-09-18 08:46:02,Дрогобич,12015,True,119566,CCS2,80,2,CHARGING,41,22.99
2026-09-18 08:46:02,Дрогобич,12015,True,119567,GBT DC,80,2,CHARGING,65,19.95
2026-09-18 08:46:02,Дрогобич,12015,True,119568,Type2,22,2,CHARGING,18,15.13
2026-09-18 11:50:06,Ралівка,12095,True,119867,Chademo,80,1,FREE,,18.08
2026-09-18 11:50:06,Ралівка,12095,True,119868,CCS2,120,2,CHARGING,32,18.24
2026-09-18 11:50:06,Ралівка,12095,True,119869,GBT DC,120,2,CHARGING,64,17.12
2026-09-18 11:50:06,Ралівка,12095,True,119870,Type2,22,1,FREE,,13.52
2026-09-18 11:50:06,Турка,30663,True,129119,Chademo,40,2,CHARGING,77,27.67
2026-09-18 11:50:06,Турка,30663,True,129120,CCS2,40,2,CHARGING,74,26.94
2026-09-18 11:50:06,Турка,30663,True,129121,Type2,22,1,FREE,,23.51
2026-09-18 11:50:06,Турка,30663,True,129122,Type1,7,1,FREE,,18.89
2026-09-18 11:50:06,Дрогобич,12015,True,119565,Chademo,80,1,FREE,,18.72
2026-09-18 11:50:06,Дрогобич,12015,True,119566,CCS2,80,4,OTHER/OFFLINE,,23.18
2026-09-18 11:50:06,Дрогобич,12015,True,119567,GBT DC,80,3,FINISHING,,20.71
2026-09-18 11:50:06,Дрогобич,12015,True,119568,Type2,22,1,FREE,,19.04
2026-09-18 13:23:55,Ралівка,12095,True,119867,Chademo,80,2,CHARGING,82,19.84
2026-09-18 13:23:55,Ралівка,12095,True,119868,CCS2,120,2,CHARGING,33,17.92
2026-09-18 13:23:55,Ралівка,12095,True,119869,GBT DC,120,1,FREE,,19.52
2026-09-18 13:23:55,Ралівка,12095,True,119870,Type2,22,2,CHARGING,79,16.12
2026-09-18 13:23:55,Турка,30663,True,129119,Chademo,40,2,CHARGING,56,25.22
2026-09-18 13:23:55,Турка,30663,True,129120,CCS2,40,2,CHARGING,87,23.76
2026-09-18 13:23:55,Турка,30663,True,129121,Type2,22,2,CHARGING,83,21.41
2026-09-18 13:23:55,Турка,30663,True,129122,Type1,7,1,FREE,,17.84
2026-09-18 13:23:55,Дрогобич,12015,True,119565,Chademo,80,2,CHARGING,81,22.14
2026-09-18 13:23:55,Дрогобич,12015,True,119566,CCS2,80,2,CHARGING,21,17.67
2026-09-18 13:23:55,Дрогобич,12015,True,119567,GBT DC,80,2,CHARGING,85,16.53
2026-09-18 13:23:55,Дрогобич,12015,True,119568,Type2,22,1,FREE,,18.7
2026-09-18 15:28:03,Ралівка,12095,True,119867,Chademo,80,2,CHARGING,63,14.72
2026-09-18 15:28:03,Ралівка,12095,True,119868,CCS2,120,2,CHARGING,72,13.6
2026-09-18 15:28:03,Ралівка,12095,True,119869,GBT DC,120,2,CHARGING,56,18.88
2026-09-18 15:28:03,Ралівка,12095,True,119870,Type2,22,2,CHARGING,78,15.34
2026-09-18 15:28:03,Турка,30663,True,129119,Chademo,40,3,FINISHING,,23.02
2026-09-18 15:28:03,Турка,30663,True,129120,CCS2,40,4,OTHER/OFFLINE,,30.12
2026-09-18 15:28:03,Турка,30663,True,129121,Type2,22,2,CHARGING,34,23.51
2026-09-18 15:28:03,Турка,30663,True,129122,Type1,7,1,FREE,,18.89
2026-09-18 15:28:03,Дрогобич,12015,True,119565,Chademo,80,4,OTHER/OFFLINE,,19.44
2026-09-18 15:28:03,Дрогобич,12015,True,119566,CCS2,80,1,FREE,,23.37
2026-09-18 15:28:03,Дрогобич,12015,True,119567,GBT DC,80,4,OTHER/OFFLINE,,17.1
2026-09-18 15:28:03,Дрогобич,12015,True,119568,Type2,22,2,CHARGING,43,20.74
2026-09-18 17:30:03,Ралівка,12095,True,119867,Chademo,80,3,FINISHING,,19.84
2026-09-18 17:30:03,Ралівка,12095,True,119868,CCS2,120,2,CHARGING,47,14.08
2026-09-18 17:30:03,Ралівка,12095,True,119869,GBT DC,120,2,CHARGING,47,15.68
2026-09-18 17:30:03,Ралівка,12095,True,119870,Type2,22,4,OTHER/OFFLINE,,12.74
2026-09-18 17:30:03,Турка,30663,True,129119,Chademo,40,2,CHARGING,46,30.12
2026-09-18 17:30:03,Турка,30663,True,129120,CCS2,40,1,FREE,,22.78
2026-09-18 17:30:03,Турка,30663,True,129121,Type2,22,1,FREE,,20.99
2026-09-18 17:30:03,Турка,30663,True,129122,Type1,7,1,FREE,,18.68
2026-09-18 17:30:03,Дрогобич,12015,True,119565,Chademo,80,2,CHARGING,51,17.46
2026-09-18 17:30:03,Дрогобич,12015,True,119566,CCS2,80,1,FREE,,22.99
2026-09-18 17:30:03,Дрогобич,12015,True,119567,GBT DC,80,1,FREE,,20.33
2026-09-18 17:30:03,Дрогобич,12015,True,119568,Type2,22,2,CHARGING,84,18.87
2026-09-18 18:37:00,Ралівка,12095,True,119867,Chademo,80,1,FREE,,19.68
2026-09-18 18:37:00,Ралівка,12095,True,119868,CCS2,120,2,CHARGING,81,14.4
2026-09-18 18:37:00,Ралівка,12095,True,119869,GBT DC,120,1,FREE,,13.92
2026-09-18 18:37:00,Ралівка,12095,True,119870,Type2,22,1,FREE,,12.74
2026-09-18 18:37:00,Турка,30663,True,129119,Chademo,40,1,FREE,,23.27
2026-09-18 18:37:00,Турка,30663,True,129120,CCS2,40,2,CHARGING,79,24.73
2026-09-18 18:37:00,Турка,30663,True,129121,Type2,22,2,CHARGING,35,20.57
2026-09-18 18:37:00,Турка,30663,True,129122,Type1,7,2,CHARGING,63,18.68
2026-09-18 18:37:00,Дрогобич,12015,True,119565,Chademo,80,3,FINISHING,,16.92
2026-09-18 18:37:00,Дрогобич,12015,True,119566,CCS2,80,2,CHARGING,53,20.14
2026-09-18 18:37:00,Дрогобич,12015,True,119567,GBT DC,80,2,CHARGING,49,16.53
2026-09-18 18:37:00,Дрогобич,12015,True,119568,Type2,22,2,CHARGING,70,14.79
2026-09-18 20:25:36,Ралівка,12095,True,119867,Chademo,80,4,OTHER/OFFLINE,,14.72
2026-09-18 20:25:36,Ралівка,12095,True,119868,CCS2,120,2,CHARGING,48,16.16
2026-09-18 20:25:36,Ралівка,12095,True,119869,GBT DC,120,1,FREE,,17.6
2026-09-18 20:25:36,Ралівка,12095,True,119870,Type2,22,4,OTHER/OFFLINE,,11.57
2026-09-18 20:25:36,Турка,30663,True,129119,Chademo,40,3,FINISHING,,23.51
2026-09-18 20:25:36,Турка,30663,True,129120,CCS2,40,2,CHARGING,34,29.63
2026-09-18 20:25:36,Турка,30663,True,129121,Type2,22,2,CHARGING,74,20.78
2026-09-18 20:25:36,Турка,30663,True,129122,Type1,7,2,CHARGING,74,20.78
2026-09-18 20:25:36,Дрогобич,12015,True,119565,Chademo,80,2,CHARGING,84,18.9
2026-09-18 20:25:36,Дрогобич,12015,True,119566,CCS2,80,2,CHARGING,48,20.9
2026-09-18 20:25:36,Дрогобич,12015,True,119567,GBT DC,80,3,FINISHING,,17.48
2026-09-18 20:25:36,Дрогобич,12015,True,119568,Type2,22,2,CHARGING,39,18.19
2026-09-18 21:15:26,Ралівка,12095,True,119867,Chademo,80,2,CHARGING,45,18.08
2026-09-18 21:15:26,Ралівка,12095,True,119868,CCS2,120,1,FREE,,19.84
2026-09-18 21:15:26,Ралівка,12095,True,119869,GBT DC,120,2,CHARGING,78,13.76
2026-09-18 21:15:26,Ралівка,12095,True,119870,Type2,22,1,FREE,,12.74
2026-09-18 21:15:26,Турка,30663,True,129119,Chademo,40,2,CHARGING,43,21.55
2026-09-18 21:15:26,Турка,30663,True,129120,CCS2,40,2,CHARGING,88,26.45
2026-09-18 21:15:26,Турка,30663,True,129121,Type2,22,2,CHARGING,44,22.25
2026-09-18 21:15:26,Турка,30663,True,129122,Type1,7,1,FREE,,23.09
2026-09-18 21:15:26,Дрогобич,12015,True,119565,Chademo,80,1,FREE,,20.34
2026-09-18 21:15:26,Дрогобич,12015,True,119566,CCS2,80,4,OTHER/OFFLINE,,19.76
2026-09-18 21:15:26,Дрогобич,12015,True,119567,GBT DC,80,1,FREE,,17.48
2026-09-18 21:15:26,Дрогобич,12015,True,119568,Type2,22,1,FREE,,18.02
2026-09-18 23:00:57,Ралівка,12095,True,119867,Chademo,80,2,CHARGING,22,17.76
2026-09-18 23:00:57,Ралівка,12095,True,119868,CCS2,120,4,OTHER/OFFLINE,,16.16
2026-09-18 23:00:57,Ралівка,12095,True,119869,GBT DC,120,2,CHARGING,65,18.72
2026-09-18 23:00:57,Ралівка,12095,True,119870,Type2,22,4,OTHER/OFFLINE,,11.83
2026-09-18 23:00:57,Турка,30663,True,129119,Chademo,40,2,CHARGING,24,24.25
2026-09-18 23:00:57,Турка,30663,True,129120,CCS2,40,1,FREE,,28.41
2026-09-18 23:00:57,Турка,30663,True,129121,Type2,22,3,FINISHING,,21.2
2026-09-18 23:00:57,Турка,30663,True,129122,Type1,7,2,CHARGING,75,26.03
2026-09-18 23:00:57,Дрогобич,12015,True,119565,Chademo,80,1,FREE,,17.46
2026-09-18 23:00:57,Дрогобич,12015,True,119566,CCS2,80,3,FINISHING,,22.8
2026-09-18 23:00:57,Дрогобич,12015,True,119567,GBT DC,80,2,CHARGING,61,21.09
2026-09-18 23:00:57,Дрогобич,12015,True,119568,Type2,22,3,FINISHING,,18.19
2026-09-18 23:22:23,Ралівка,12095,True,119867,Chademo,80,2,CHARGING,49,18.88
2026-09-18 23:22:23,Ралівка,12095,True,119868,CCS2,120,1,FREE,,18.08
2026-09-18 23:22:23,Ралівка,12095,True,119869,GBT DC,120,3,FINISHING,,13.6
2026-09-18 23:22:23,Ралівка,12095,True,119870,Type2,22,1,FREE,,12.09
2026-09-18 23:22:23,Турка,30663,True,129119,Chademo,40,2,CHARGING,75,24.73
2026-09-18 23:22:23,Турка,30663,True,129120,CCS2,40,2,CHARGING,32,27.67
2026-09-18 23:22:23,Турка,30663,True,129121,Type2,22,2,CHARGING,36,20.99
2026-09-18 23:22:23,Турка,30663,True,129122,Type1,7,2,CHARGING,68,21.62
2026-09-18 23:22:23,Дрогобич,12015,True,119565,Chademo,80,3,FINISHING,,17.46
2026-09-18 23:22:23,Дрогобич,12015,True,119566,CCS2,80,3,FINISHING,,22.42
2026-09-18 23:22:23,Дрогобич,12015,True,119567,GBT DC,80,2,CHARGING,82,18.43
2026-09-18 23:22:23,Дрогобич,12015,True,119568,Type2,22,2,CHARGING,25,14.79
2026-09-19 01:02:14,Ралівка,12095,True,119867,Chademo,80,2,CHARGING,24,18.08
2026-09-19 01:02:14,Ралівка,12095,True,119868,CCS2,120,4,OTHER/OFFLINE,,13.76
2026-09-19 01:02:14,Ралівка,12095,True,119869,GBT DC,120,2,CHARGING,67,19.68
2026-09-19 01:02:14,Ралівка,12095,True,119870,Type2,22,2,CHARGING,89,11.7
2026-09-19 01:02:14,Турка,30663,True,129119,Chademo,40,1,FREE,,28.41
2026-09-19 01:02:14,Турка,30663,True,129120,CCS2,40,1,FREE,,23.27
2026-09-19 01:02:14,Турка,30663,True,129121,Type2,22,2,CHARGING,45,19.73
2026-09-19 01:02:14,Турка,30663,True,129122,Type1,7,2,CHARGING,61,22.46
2026-09-19 01:02:14,Дрогобич,12015,True,119565,Chademo,80,2,CHARGING,19,21.24
2026-09-19 01:02:14,Дрогобич,12015,True,119566,CCS2,80,3,FINISHING,,18.24
2026-09-19 01:02:14,Дрогобич,12015,True,119567,GBT DC,80,2,CHARGING,87,22.04
2026-09-19 01:02:14,Дрогобич,12015,True,119568,Type2,22,3,FINISHING,,20.06
2026-09-19 01:23:09,Ралівка,12095,True,119867,Chademo,80,1,FREE,,13.6
2026-09-19 01:23:09,Ралівка,12095,True,119868,CCS2,120,1,FREE,,15.2
2026-09-19 01:23:09,Ралівка,12095,True,119869,GBT DC,120,3,FINISHING,,18.88
2026-09-19 01:23:09,Ралівка,12095,True,119870,Type2,22,4,OTHER/OFFLINE,,11.31
2026-09-19 01:23:09,Турка,30663,True,129119,Chademo,40,3,FINISHING,,28.9
2026-09-19 01:23:09,Турка,30663,True,129120,CCS2,40,4,OTHER/OFFLINE,,24
2026-09-19 01:23:09,Турка,30663,True,129121,Type2,22,3,FINISHING,,23.3
2026-09-19 01:23:09,Турка,30663,True,129122,Type1,7,1,FREE,,22.46
2026-09-19 01:23:09,Дрогобич,12015,True,119565,Chademo,80,2,CHARGING,80,21.06
2026-09-19 01:23:09,Дрогобич,12015,True,119566,CCS2,80,3,FINISHING,,17.67
2026-09-19 01:23:09,Дрогобич,12015,True,119567,GBT DC,80,1,FREE,,20.9
2026-09-19 01:23:09,Дрогобич,12015,True,119568,Type2,22,2,CHARGING,27,19.89
2026-09-19 05:37:03,Ралівка,12095,True,119867,Chademo,80,2,CHARGING,85,18.24
2026-09-19 05:37:03,Ралівка,12095,True,119868,CCS2,120,1,FREE,,18.4
2026-09-19 05:37:03,Ралівка,12095,True,119869,GBT DC,120,1,FREE,,19.36
2026-09-19 05:37:03,Ралівка,12095,True,119870,Type2,22,4,OTHER/OFFLINE,,13.52
2026-09-19 05:37:03,Турка,30663,True,129119,Chademo,40,2,CHARGING,87,23.76
2026-09-19 05:37:03,Турка,30663,True,129120,CCS2,40,2,CHARGING,52,24.25
2026-09-19 05:37:03,Турка,30663,True,129121,Type2,22,2,CHARGING,24,23.3
2026-09-19 05:37:03,Турка,30663,True,129122,Type1,7,1,FREE,,22.04
2026-09-19 05:37:03,Дрогобич,12015,True,119565,Chademo,80,2,CHARGING,78,17.28
2026-09-19 05:37:03,Дрогобич,12015,True,119566,CCS2,80,2,CHARGING,62,20.33
2026-09-19 05:37:03,Дрогобич,12015,True,119567,GBT DC,80,1,FREE,,20.71
2026-09-19 05:37:03,Дрогобич,12015,True,119568,Type2,22,3,FINISHING,,20.06
2026-09-19 06:18:06,Ралівка,12095,True,119867,Chademo,80,1,FREE,,17.76
2026-09-19 06:18:06,Ралівка,12095,True,119868,CCS2,120,1,FREE,,15.52
2026-09-19 06:18:06,Ралівка,12095,True,119869,GBT DC,120,3,FINISHING,,16.8
2026-09-19 06:18:06,Ралівка,12095,True,119870,Type2,22,2,CHARGING,70,15.08
2026-09-19 06:18:06,Турка,30663,True,129119,Chademo,40,1,FREE,,24.73
2026-09-19 06:18:06,Турка,30663,True,129120,CCS2,40,2,CHARGING,74,29.88
2026-09-19 06:18:06,Турка,30663,True,129121,Type2,22,4,OTHER/OFFLINE,,24.14
2026-09-19 06:18:06,Турка,30663,True,129122,Type1,7,4,OTHER/OFFLINE,,25.4
2026-09-19 06:18:06,Дрогобич,12015,True,119565,Chademo,80,2,CHARGING,88,16.2
2026-09-19 06:18:06,Дрогобич,12015,True,119566,CCS2,80,2,CHARGING,36,16.15
2026-09-19 06:18:06,Дрогобич,12015,True,119567,GBT DC,80,1,FREE,,16.15
2026-09-19 06:18:06,Дрогобич,12015,True,119568,Type2,22,1,FREE,,19.89
2026-09-19 10:21:05,Ралівка,12095,True,119867,Chademo,80,2,CHARGING,68,14.56
2026-09-19 10:21:05,Ралівка,12095,True,119868,CCS2,120,4,OTHER/OFFLINE,,20
2026-09-19 10:21:05,Ралівка,12095,True,119869,GBT DC,120,1,FREE,,18.72
2026-09-19 10:21:05,Ралівка,12095,True,119870,Type2,22,2,CHARGING,49,11.05
2026-09-19 10:21:05,Турка,30663,True,129119,Chademo,40,2,CHARGING,42,20.82
2026-09-19 10:21:05,Турка,30663,True,129120,CCS2,40,4,OTHER/OFFLINE,,24.25
2026-09-19 10:21:05,Турка,30663,True,129121,Type2,22,4,OTHER/OFFLINE,,19.1
2026-09-19 10:21:05,Турка,30663,True,129122,Type1,7,4,OTHER/OFFLINE,,24.77
2026-09-19 10:21:05,Дрогобич,12015,True,119565,Chademo,80,1,FREE,,19.08
2026-09-19 10:21:05,Дрогобич,12015,True,119566,CCS2,80,3,FINISHING,,21.09
2026-09-19 10:21:05,Дрогобич,12015,True,119567,GBT DC,80,2,CHARGING,43,16.91
2026-09-19 10:21:05,Дрогобич,12015,True,119568,Type2,22,2,CHARGING,64,21.25
2026-09-19 11:13:21,Ралівка,12095,True,119867,Chademo,80,1,FREE,,16.64
2026-09-19 11:13:21,Ралівка,12095,True,119868,CCS2,120,1,FREE,,14.24
2026-09-19 11:13:21,Ралівка,12095,True,119869,GBT DC,120,1,FREE,,14.88
2026-09-19 11:13:21,Ралівка,12095,True,119870,Type2,22,2,CHARGING,81,15.99
2026-09-19 11:13:21,Турка,30663,True,129119,Chademo,40,2,CHARGING,34,28.9
2026-09-19 11:13:21,Турка,30663,True,129120,CCS2,40,3,FINISHING,,28.41
2026-09-19 11:13:21,Турка,30663,True,129121,Type2,22,2,CHARGING,81,18.89
2026-09-19 11:13:21,Турка,30663,True,129122,Type1,7,4,OTHER/OFFLINE,,26.03
2026-09-19 11:13:21,Дрогобич,12015,True,119565,Chademo,80,1,FREE,,18.72
2026-09-19 11:13:21,Дрогобич,12015,True,119566,CCS2,80,2,CHARGING,51,22.42
2026-09-19 11:13:21,Дрогобич,12015,True,119567,GBT DC,80,3,FINISHING,,20.14
2026-09-19 11:13:21,Дрогобич,12015,True,119568,Type2,22,2,CHARGING,44,15.81
2026-09-19 14:10:52,Ралівка,12095,True,119867,Chademo,80,4,OTHER/OFFLINE,,18.08
2026-09-19 14:10:52,Ралівка,12095,True,119868,CCS2,120,1,FREE,,15.2
2026-09-19 14:10:52,Ралівка,12095,True,119869,GBT DC,120,2,CHARGING,85,15.36
2026-09-19 14:10:52,Ралівка,12095,True,119870,Type2,22,2,CHARGING,75,11.83
2026-09-19 14:10:52,Турка,30663,True,129119,Chademo,40,1,FREE,,21.31
2026-09-19 14:10:52,Турка,30663,True,129120,CCS2,40,2,CHARGING,31,29.88
2026-09-19 14:10:52,Турка,30663,True,129121,Type2,22,1,FREE,,24.98
2026-09-19 14:10:52,Турка,30663,True,129122,Type1,7,2,CHARGING,79,21.41
2026-09-19 14:10:52,Дрогобич,12015,True,119565,Chademo,80,2,CHARGING,37,19.8
2026-09-19 14:10:52,Дрогобич,12015,True,119566,CCS2,80,1,FREE,,17.29
2026-09-19 14:10:52,Дрогобич,12015,True,119567,GBT DC,80,4,OTHER/OFFLINE,,23.56
2026-09-19 14:10:52,Дрогобич,12015,True,119568,Type2,22,1,FREE,,20.23
2026-09-19 14:29:58,Ралівка,12095,True,119867,Chademo,80,4,OTHER/OFFLINE,,17.92
2026-09-19 14:29:58,Ралівка,12095,True,119868,CCS2,120,2,CHARGING,34,16
2026-09-19 14:29:58,Ралівка,12095,True,119869,GBT DC,120,1,FREE,,17.76
2026-09-19 14:29:58,Ралівка,12095,True,119870,Type2,22,2,CHARGING,88,13.65
2026-09-19 14:29:58,Турка,30663,True,129119,Chademo,40,3,FINISHING,,24.73
2026-09-19 14:29:58,Турка,30663,True,129120,CCS2,40,2,CHARGING,84,22.29
2026-09-19 14:29:58,Турка,30663,True,129121,Type2,22,3,FINISHING,,23.72
2026-09-19 14:29:58,Турка,30663,True,129122,Type1,7,1,FREE,,18.47
2026-09-19 14:29:58,Дрогобич,12015,True,119565,Chademo,80,2,CHARGING,61,16.92
2026-09-19 14:29:58,Дрогобич,12015,True,119566,CCS2,80,1,FREE,,22.61
2026-09-19 14:29:58,Дрогобич,12015,True,119567,GBT DC,80,2,CHARGING,61,16.15
2026-09-19 14:29:58,Дрогобич,12015,True,119568,Type2,22,2,CHARGING,22,16.66
2026-09-19 17:24:38,Ралівка,12095,True,119867,Chademo,80,1,FREE,,15.52
2026-09-19 17:24:38,Ралівка,12095,True,119868,CCS2,120,2,CHARGING,87,17.6
2026-09-19 17:24:38,Ралівка,12095,True,119869,GBT DC,120,2,CHARGING,35,17.44
2026-09-19 17:24:38,Ралівка,12095,True,119870,Type2,22,3,FINISHING,,12.22
2026-09-19 17:24:38,Турка,30663,True,129119,Chademo,40,4,OTHER/OFFLINE,,22.53
2026-09-19 17:24:38,Турка,30663,True,129120,CCS2,40,1,FREE,,23.02
2026-09-19 17:24:38,Турка,30663,True,129121,Type2,22,2,CHARGING,45,26.03
2026-09-19 17:24:38,Турка,30663,True,129122,Type1,7,2,CHARGING,49,18.89
2026-09-19 17:24:38,Дрогобич,12015,True,119565,Chademo,80,1,FREE,,19.8
2026-09-19 17:24:38,Дрогобич,12015,True,119566,CCS2,80,2,CHARGING,67,19
2026-09-19 17:24:38,Дрогобич,12015,True,119567,GBT DC,80,1,FREE,,17.48
2026-09-19 17:24:38,Дрогобич,12015,True,119568,Type2,22,1,FREE,,19.21
2026-09-19 17:46:59,Ралівка,12095,True,119867,Chademo,80,2,CHARGING,73,18.88
2026-09-19 17:46:59,Ралівка,12095,True,119868,CCS2,120,4,OTHER/OFFLINE,,14.24
2026-09-19 17:46:59,Ралівка,12095,True,119869,GBT DC,120,2,CHARGING,42,14.08
2026-09-19 17:46:59,Ралівка,12095,True,119870,Type2,22,3,FINISHING,,11.31
2026-09-19 17:46:59,Турка,30663,True,129119,Chademo,40,2,CHARGING,67,23.27
2026-09-19 17:46:59,Турка,30663,True,129120,CCS2,40,2,CHARGING,68,24.25
2026-09-19 17:46:59,Турка,30663,True,129121,Type2,22,2,CHARGING,88,21.41
2026-09-19 17:46:59,Турка,30663,True,129122,Type1,7,1,FREE,,24.77
2026-09-19 17:46:59,Дрогобич,12015,True,119565,Chademo,80,4,OTHER/OFFLINE,,16.56
2026-09-19 17:46:59,Дрогобич,12015,True,119566,CCS2,80,2,CHARGING,70,20.52
2026-09-19 17:46:59,Дрогобич,12015,True,119567,GBT DC,80,1,FREE,,22.04
2026-09-19 17:46:59,Дрогобич,12015,True,119568,Type2,22,1,FREE,,15.13
2026-09-19 19:30:03,Ралівка,12095,True,119867,Chademo,80,2,CHARGING,19,15.52
2026-09-19 19:30:03,Ралівка,12095,True,119868,CCS2,120,4,OTHER/OFFLINE,,17.28
2026-09-19 19:30:03,Ралівка,12095,True,119869,GBT DC,120,1,FREE,,16
2026-09-19 19:30:03,Ралівка,12095,True,119870,Type2,22,2,CHARGING,22,11.05
2026-09-19 19:30:03,Турка,30663,True,129119,Chademo,40,1,FREE,,21.31
2026-09-19 19:30:03,Турка,30663,True,129120,CCS2,40,1,FREE,,24.49
2026-09-19 19:30:03,Турка,30663,True,129121,Type2,22,1,FREE,,25.82
2026-09-19 19:30:03,Турка,30663,True,129122,Type1,7,3,FINISHING,,19.73
2026-09-19 19:30:03,Дрогобич,12015,True,119565,Chademo,80,1,FREE,,16.56
2026-09-19 19:30:03,Дрогобич,12015,True,119566,CCS2,80,2,CHARGING,88,16.91
2026-09-19 19:30:03,Дрогобич,12015,True,119567,GBT DC,80,1,FREE,,22.04
2026-09-19 19:30:03,Дрогобич,12015,True,119568,Type2,22,1,FREE,,15.47
2026-09-19 20:04:42,Ралівка,12095,True,119867,Chademo,80,2,CHARGING,90,18.08
2026-09-19 20:04:42,Ралівка,12095,True,119868,CCS2,120,2,CHARGING,45,18.56
2026-09-19 20:04:42,Ралівка,12095,True,119869,GBT DC,120,1,FREE,,19.04
2026-09-19 20:04:42,Ралівка,12095,True,119870,Type2,22,2,CHARGING,15,13.52
2026-09-19 20:04:42,Турка,30663,True,129119,Chademo,40,1,FREE,,21.31
2026-09-19 20:04:42,Турка,30663,True,129120,CCS2,40,1,FREE,,29.63
2026-09-19 20:04:42,Турка,30663,True,129121,Type2,22,1,FREE,,24.14
2026-09-19 20:04:42,Турка,30663,True,129122,Type1,7,2,CHARGING,31,23.72
2026-09-19 20:04:42,Дрогобич,12015,True,119565,Chademo,80,2,CHARGING,85,15.3
2026-09-19 20:04:42,Дрогобич,12015,True,119566,CCS2,80,1,FREE,,16.34
2026-09-19 20:04:42,Дрогобич,12015,True,119567,GBT DC,80,4,OTHER/OFFLINE,,18.05
2026-09-19 20:04:42,Дрогобич,12015,True,119568,Type2,22,3,FINISHING,,15.47
2026-09-19 21:42:15,Ралівка,12095,True,119867,Chademo,80,4,OTHER/OFFLINE,,19.52
2026-09-19 21:42:15,Ралівка,12095,True,119868,CCS2,120,3,FINISHING,,14.4
2026-09-19 21:42:15,Ралівка,12095,True,119869,GBT DC,120,3,FINISHING,,18.72
2026-09-19 21:42:15,Ралівка,12095,True,119870,Type2,22,3,FINISHING,,13.26
2026-09-19 21:42:15,Турка,30663,True,129119,Chademo,40,2,CHARGING,53,22.04
2026-09-19 21:42:15,Турка,30663,True,129120,CCS2,40,2,CHARGING,46,27.18
2026-09-19 21:42:15,Турка,30663,True,129121,Type2,22,3,FINISHING,,21.41
2026-09-19 21:42:15,Турка,30663,True,129122,Type1,7,1,FREE,,22.04
2026-09-19 21:42:15,Дрогобич,12015,True,119565,Chademo,80,3,FINISHING,,15.48
2026-09-19 21:42:15,Дрогобич,12015,True,119566,CCS2,80,1,FREE,,19
2026-09-19 21:42:15,Дрогобич,12015,True,119567,GBT DC,80,3,FINISHING,,19.38
2026-09-19 21:42:15,Дрогобич,12015,True,119568,Type2,22,1,FREE,,19.72
2026-09-19 22:40:21,Ралівка,12095,True,119867,Chademo,80,1,FREE,,13.6
2026-09-19 22:40:21,Ралівка,12095,True,119868,CCS2,120,3,FINISHING,,14.4
2026-09-19 22:40:21,Ралівка,12095,True,119869,GBT DC,120,3,FINISHING,,19.04
2026-09-19 22:40:21,Ралівка,12095,True,119870,Type2,22,4,OTHER/OFFLINE,,11.57
2026-09-19 22:40:21,Турка,30663,True,129119,Chademo,40,1,FREE,,22.04
2026-09-19 22:40:21,Турка,30663,True,129120,CCS2,40,4,OTHER/OFFLINE,,29.14
2026-09-19 22:40:21,Турка,30663,True,129121,Type2,22,1,FREE,,19.1
2026-09-19 22:40:21,Турка,30663,True,129122,Type1,7,2,CHARGING,59,21.2
2026-09-19 22:40:21,Дрогобич,12015,True,119565,Chademo,80,2,CHARGING,25,19.26
2026-09-19 22:40:21,Дрогобич,12015,True,119566,CCS2,80,1,FREE,,18.62
2026-09-19 22:40:21,Дрогобич,12015,True,119567,GBT DC,80,2,CHARGING,61,19.38
2026-09-19 22:40:21,Дрогобич,12015,True,119568,Type2,22,2,CHARGING,50,19.04
2026-09-19 23:36:55,Ралівка,12095,True,119867,Chademo,80,1,FREE,,18.88
2026-09-19 23:36:55,Ралівка,12095,True,119868,CCS2,120,2,CHARGING,74,17.44
2026-09-19 23:36:55,Ралівка,12095,True,119869,GBT DC,120,2,CHARGING,90,18.72
2026-09-19 23:36:55,Ралівка,12095,True,119870,Type2,22,2,CHARGING,76,14.17
2026-09-19 23:36:55,Турка,30663,True,129119,Chademo,40,4,OTHER/OFFLINE,,23.76
2026-09-19 23:36:55,Турка,30663,True,129120,CCS2,40,1,FREE,,25.71
2026-09-19 23:36:55,Турка,30663,True,129121,Type2,22,2,CHARGING,36,19.31
2026-09-19 23:36:55,Турка,30663,True,129122,Type1,7,4,OTHER/OFFLINE,,23.3
2026-09-19 23:36:55,Дрогобич,12015,True,119565,Chademo,80,1,FREE,,16.02
2026-09-19 23:36:55,Дрогобич,12015,True,119566,CCS2,80,1,FREE,,20.14
2026-09-19 23:36:55,Дрогобич,12015,True,119567,GBT DC,80,2,CHARGING,82,22.42
2026-09-19 23:36:55,Дрогобич,12015,True,119568,Type2,22,1,FREE,,17.51
